Rk,Player,Age,Team,Pos,G,GS,MP,FG,FGA,FG%,3P,3PA,3P%,2P,2PA,2P%,eFG%,FT,FTA,FT%,ORB,DRB,TRB,AST,STL,BLK,TOV,PF,PTS,Awards,Player-additional
1,Luka Dončić,26,LAL,PG,10,10,37.1,10.6,22.6,.469,3.6,11.0,.327,7.0,11.6,.603,.549,9.6,12.2,.787,0.9,8.0,8.9,8.9,1.7,0.6,3.7,2.5,34.4,,doncilu01
2,Giannis Antetokounmpo,31,MIL,PF,12,12,33.4,12.5,19.8,.630,0.8,1.5,.500,11.8,18.3,.641,.649,6.8,10.8,.636,3.8,7.5,11.3,7.1,0.9,1.3,3.5,2.7,32.6,,antetgi01
3,Shai Gilgeous-Alexander,27,OKC,PG,14,14,33.6,11.1,21.0,.531,2.2,5.9,.373,8.9,15.1,.592,.583,8.1,9.0,.897,0.4,4.7,5.1,6.6,1.4,0.9,1.6,1.8,32.6,,gilgesh01
4,Tyrese Maxey,25,PHI,PG,12,12,40.3,10.6,23.3,.454,3.8,9.2,.418,6.8,14.2,.476,.536,7.0,7.9,.884,0.3,4.8,5.1,7.8,1.4,0.8,2.5,2.7,32.0,,maxeyty01
5,Bennedict Mathurin,23,IND,SF,2,2,36.5,8.5,15.5,.548,2.5,5.0,.500,6.0,10.5,.571,.629,11.5,13.0,.885,1.5,5.5,7.0,2.5,0.0,0.0,2.5,3.0,31.0,,mathube01
6,Lauri Markkanen,28,UTA,PF,13,13,36.2,10.3,21.5,.479,3.8,9.7,.389,6.5,11.8,.552,.566,6.2,7.1,.880,2.3,3.8,6.2,2.1,0.9,0.5,1.4,1.9,30.6,,markkla01
7,Donovan Mitchell,29,CLE,SG,12,12,33.9,10.1,20.3,.498,4.0,10.5,.381,6.1,9.8,.624,.597,6.3,7.5,.833,0.8,3.8,4.6,5.4,1.5,0.5,3.3,2.2,30.4,,mitchdo01
8,Nikola Jokić,30,DEN,C,12,12,34.2,10.8,16.0,.672,1.9,4.5,.426,8.8,11.5,.768,.732,5.3,6.0,.875,3.0,10.0,13.0,10.9,1.8,0.8,3.3,2.8,28.7,,jokicni01
9,Devin Booker,29,PHO,SG,14,14,35.8,9.8,19.8,.495,2.0,5.9,.341,7.8,13.9,.559,.545,6.9,7.6,.897,1.1,3.0,4.1,7.0,0.8,0.3,4.0,2.9,28.4,,bookede01
10,Austin Reaves,27,LAL,SG,11,11,36.3,8.6,17.9,.482,2.7,8.3,.330,5.9,9.6,.613,.558,8.3,9.5,.867,0.6,4.5,5.1,8.2,1.4,0.1,3.4,2.5,28.3,,reaveau01
11,Jalen Brunson,29,NYK,PG,11,11,33.9,9.7,20.8,.467,2.8,7.6,.369,6.9,13.2,.524,.535,5.7,6.6,.863,0.5,3.1,3.5,6.5,0.8,0.0,2.7,2.6,28.0,,brunsja01
12,Cade Cunningham,24,DET,PG,11,11,37.0,9.6,22.1,.436,1.9,6.6,.288,7.7,15.5,.500,.479,6.3,7.8,.802,1.1,4.3,5.4,9.9,1.4,0.8,3.6,3.7,27.5,,cunnica01
13,Jaylen Brown,29,BOS,SF,14,14,32.1,10.5,20.8,.505,1.9,5.6,.342,8.6,15.1,.566,.552,4.5,5.9,.768,0.9,4.7,5.6,4.1,0.8,0.4,3.2,3.2,27.4,,brownja02
14,Stephen Curry,37,GSW,PG,12,12,30.6,8.7,18.9,.458,4.3,11.2,.381,4.4,7.8,.570,.570,5.8,6.3,.933,0.3,3.4,3.7,3.7,1.4,0.4,2.7,2.3,27.4,,curryst01
15,Anthony Edwards,24,MIN,SG,9,9,30.3,9.0,18.9,.476,3.3,8.1,.411,5.7,10.8,.526,.565,6.0,7.0,.857,0.9,3.7,4.6,3.7,1.1,0.7,2.4,1.7,27.3,,edwaran01
16,Coby White,25,CHI,SG,1,0,30.0,5.0,14.0,.357,3.0,8.0,.375,2.0,6.0,.333,.464,14.0,14.0,1.000,0.0,4.0,4.0,8.0,1.0,0.0,3.0,3.0,27.0,,whiteco01
17,Victor Wembanyama,22,SAS,C,12,12,34.7,9.3,18.4,.502,1.7,4.8,.345,7.6,13.6,.558,.548,6.0,7.0,.857,2.0,10.9,12.9,4.0,1.1,3.6,3.6,3.7,26.2,,wembavi01
18,Norman Powell,32,MIA,SG,10,10,31.3,7.9,16.4,.482,3.5,7.3,.479,4.4,9.1,.484,.588,6.8,7.3,.932,0.3,3.8,4.1,2.4,1.2,0.2,2.2,2.4,26.1,,powelno01
19,Deni Avdija,25,POR,SF,13,13,34.1,8.3,17.0,.489,2.5,6.8,.375,5.8,10.2,.564,.563,6.8,7.9,.864,1.3,5.2,6.5,4.8,0.5,0.8,3.6,3.7,26.0,,avdijde01
20,James Harden,36,LAC,PG,12,12,36.1,7.7,16.8,.455,3.8,9.4,.398,3.9,7.4,.528,.567,6.9,7.6,.912,0.6,5.8,6.3,9.0,0.9,0.4,3.8,1.9,26.0,,hardeja01
21,Kevin Durant,37,HOU,SF,12,12,36.1,8.8,17.2,.510,1.8,4.6,.400,6.9,12.6,.550,.563,6.6,7.4,.888,0.3,4.3,4.7,3.4,1.0,0.7,3.0,2.8,25.9,,duranke01
22,Julius Randle,31,MIN,PF,13,13,33.6,8.8,16.2,.540,1.9,4.9,.391,6.8,11.3,.605,.600,6.0,6.9,.867,1.5,5.9,7.4,6.2,1.3,0.2,2.6,2.5,25.5,,randlju01
23,Pascal Siakam,31,IND,PF,12,12,35.0,8.8,19.3,.453,1.8,5.1,.361,6.9,14.3,.485,.500,5.3,8.0,.656,1.8,5.3,7.1,5.1,1.2,0.3,2.4,3.3,24.6,,siakapa01
24,Kawhi Leonard,34,LAC,SF,6,6,33.5,8.8,17.5,.505,2.3,5.8,.400,6.5,11.7,.557,.571,4.3,4.5,.963,0.8,4.8,5.7,3.5,2.5,0.7,1.8,1.2,24.3,,leonaka01
25,Michael Porter Jr.,27,BRK,SF,12,12,32.5,8.6,18.2,.472,3.1,8.8,.349,5.5,9.3,.589,.557,3.8,4.5,.852,1.1,6.8,7.8,3.3,0.7,0.2,2.3,2.3,24.1,,portemi01
26,Franz Wagner,24,ORL,SF,14,14,35.8,7.6,16.4,.461,1.8,5.0,.357,5.8,11.4,.506,.515,6.2,7.5,.829,1.9,4.4,6.3,3.9,1.1,0.4,2.1,2.5,23.1,,wagnefr01
27,Alperen Şengün,23,HOU,C,12,12,36.8,8.1,16.8,.480,1.4,3.2,.447,6.7,13.7,.488,.522,5.4,7.3,.739,3.2,7.2,10.3,7.4,1.3,1.0,3.3,3.3,23.0,,sengual01
28,Zion Williamson,25,NOP,PF,5,5,31.4,7.6,15.6,.487,0.0,0.0,,7.6,15.6,.487,.487,7.6,11.4,.667,3.2,3.6,6.8,4.6,2.0,0.2,3.4,2.4,22.8,,willizi01
29,Zach LaVine,30,SAC,SG,12,12,34.3,7.8,15.3,.511,3.2,7.5,.422,4.7,7.8,.596,.614,3.8,4.3,.885,0.2,3.3,3.5,2.3,0.6,0.2,2.0,2.5,22.7,,lavinza01
30,LaMelo Ball,24,CHO,PG,7,7,32.4,7.7,18.4,.419,3.1,9.4,.333,4.6,9.0,.508,.504,3.7,4.6,.813,1.3,5.9,7.1,9.9,1.4,0.1,3.4,3.4,22.3,,ballla01
31,Keyonte George,22,UTA,PG,13,13,34.4,6.7,16.2,.412,1.8,6.4,.277,4.9,9.8,.500,.467,7.0,7.5,.929,0.7,3.2,3.9,7.0,1.0,0.3,3.3,2.2,22.2,,georgke01
32,Miles Bridges,27,CHO,PF,13,13,35.0,7.2,17.2,.422,3.3,9.1,.364,3.9,8.1,.486,.518,4.3,4.8,.903,0.9,6.0,6.9,4.0,0.5,0.4,1.5,1.9,22.1,,bridgmi02
33,Jamal Murray,28,DEN,PG,11,11,34.0,8.0,17.5,.458,2.3,6.6,.342,5.7,10.8,.529,.523,3.8,4.1,.933,0.6,4.5,5.1,6.3,1.4,0.3,2.4,1.3,22.1,,murraja01
34,Shaedon Sharpe,22,POR,SG,13,13,28.5,7.9,18.3,.433,1.9,7.0,.275,6.0,11.3,.531,.485,4.3,5.3,.812,1.5,3.8,5.2,2.0,1.5,0.2,2.8,2.3,22.1,,sharpsh01
35,Dillon Brooks,30,PHO,SF,8,8,29.9,7.8,16.9,.459,2.6,7.8,.339,5.1,9.1,.562,.537,3.9,4.1,.939,0.8,2.5,3.3,1.9,2.0,0.3,2.0,3.5,22.0,,brookdi01
36,De'Aaron Fox,28,SAS,PG,5,5,34.2,8.6,16.8,.512,2.4,6.4,.375,6.2,10.4,.596,.583,2.4,2.6,.923,1.4,2.2,3.6,6.8,1.0,0.2,4.0,2.6,22.0,,foxde01
37,Josh Giddey,23,CHI,PG,10,10,34.9,7.8,17.0,.459,1.7,4.6,.370,6.1,12.4,.492,.509,4.6,6.0,.767,1.4,8.5,9.9,9.7,1.1,0.5,3.7,1.9,21.9,,giddejo01
38,Jalen Johnson,24,ATL,SF,12,12,32.9,8.4,14.3,.587,1.1,2.8,.382,7.3,11.5,.638,.625,3.8,4.8,.807,1.3,8.3,9.6,6.3,1.8,0.3,3.0,2.2,21.8,,johnsja05
39,Karl-Anthony Towns,30,NYK,C,12,12,33.1,6.9,15.8,.439,2.0,5.8,.348,4.9,10.0,.492,.503,5.9,6.6,.899,3.1,9.4,12.5,3.3,1.0,0.9,2.5,3.8,21.8,,townska01
40,Paolo Banchero,23,ORL,PF,12,12,32.8,6.8,14.8,.461,0.9,3.7,.250,5.9,11.2,.530,.492,7.1,9.3,.766,0.9,7.8,8.7,4.1,0.8,0.9,2.7,2.4,21.7,,banchpa01
41,Cam Thomas,24,BRK,SG,8,8,28.3,6.6,16.5,.402,2.0,5.6,.356,4.6,10.9,.425,.462,6.1,7.0,.875,0.4,1.0,1.4,2.6,0.5,0.1,2.0,1.9,21.4,,thomaca02
42,Anthony Davis,32,DAL,PF,5,5,29.8,7.8,15.0,.520,0.6,2.2,.273,7.2,12.8,.563,.540,4.6,6.2,.742,3.4,6.8,10.2,2.2,1.6,1.2,2.2,2.6,20.8,,davisan02
43,Brandon Ingram,28,TOR,SF,13,13,33.2,7.6,15.5,.493,1.1,4.2,.255,6.5,11.2,.582,.527,4.1,4.6,.883,0.6,5.4,6.0,3.8,0.9,0.6,2.5,2.5,20.4,,ingrabr01
44,Bam Adebayo,28,MIA,C,8,8,30.4,7.0,15.5,.452,2.0,5.9,.340,5.0,9.6,.519,.516,3.9,4.5,.861,1.0,7.1,8.1,2.9,1.0,0.3,2.0,1.6,19.9,,adebaba01
45,Aaron Gordon,30,DEN,PF,11,11,30.3,6.5,12.3,.533,2.5,5.2,.474,4.1,7.1,.577,.633,4.4,4.9,.889,1.3,4.6,5.9,1.5,0.9,0.3,1.5,1.7,19.9,,gordoaa01
46,Trey Murphy III,25,NOP,SF,13,13,35.8,6.8,15.0,.456,2.8,7.8,.356,4.1,7.2,.564,.549,3.4,3.6,.936,1.7,5.2,6.9,3.3,1.4,0.2,2.1,2.2,19.8,,murphtr02
47,Scottie Barnes,24,TOR,PF,13,13,32.5,7.5,15.0,.503,1.6,3.9,.412,5.9,11.1,.535,.556,3.0,3.7,.813,1.8,6.0,7.8,5.2,1.5,1.8,1.9,3.5,19.7,,barnesc01
48,Joel Embiid,31,PHI,C,6,6,23.3,6.7,14.5,.460,1.5,4.7,.321,5.2,9.8,.525,.511,4.8,5.8,.829,1.5,4.0,5.5,3.3,0.8,1.5,2.7,2.2,19.7,,embiijo01
49,Jalen Duren,22,DET,C,11,11,29.0,7.0,10.8,.647,0.0,0.0,,7.0,10.8,.647,.647,5.4,6.6,.808,4.5,7.5,12.0,1.6,1.1,1.2,2.5,3.4,19.4,,durenja01
50,RJ Barrett,25,TOR,SF,13,13,31.5,7.2,14.3,.505,1.8,5.4,.343,5.4,8.9,.603,.570,3.0,4.2,.722,0.8,4.2,5.1,4.0,0.8,0.3,1.6,2.8,19.3,,barrerj01
51,Chet Holmgren,23,OKC,PF,10,10,29.6,6.8,11.8,.576,1.6,4.1,.390,5.2,7.7,.675,.644,4.1,4.7,.872,1.5,6.7,8.2,1.8,0.7,1.3,2.1,3.8,19.3,,holmgch01
52,Evan Mobley,24,CLE,PF,13,13,34.1,6.8,14.6,.468,1.8,4.9,.359,5.1,9.7,.524,.529,3.8,6.0,.628,2.8,6.2,9.0,4.2,1.3,1.6,2.5,2.3,19.2,,mobleev01
53,Jimmy Butler,36,GSW,SF,14,14,30.8,5.9,11.1,.526,1.1,2.3,.469,4.8,8.9,.540,.574,6.4,7.4,.864,2.2,3.1,5.4,4.8,1.6,0.3,1.6,1.3,19.1,,butleji01
54,DeMar DeRozan,36,SAC,PF,14,14,34.0,7.1,14.1,.500,0.9,2.4,.394,6.1,11.8,.521,.533,3.7,4.4,.852,0.5,2.8,3.3,3.5,1.1,0.1,1.0,2.0,18.8,,derozde01
55,Grayson Allen,30,PHO,SG,13,13,32.1,6.2,13.3,.468,3.9,8.8,.447,2.3,4.5,.508,.616,2.1,2.6,.794,0.5,2.6,3.1,4.3,1.6,0.3,1.8,2.3,18.5,,allengr01
56,Jerami Grant,31,POR,PF,13,1,27.8,5.4,11.6,.464,2.1,5.2,.403,3.3,6.5,.512,.553,5.5,6.5,.845,0.8,2.2,3.0,2.3,0.9,0.4,1.6,3.4,18.3,,grantje01
57,Alex Sarr,20,WAS,C,13,13,29.0,7.5,14.5,.519,1.1,3.1,.350,6.5,11.5,.564,.556,2.2,2.9,.737,2.4,5.8,8.2,3.6,0.7,2.2,2.4,2.2,18.3,,sarral01
58,De'Andre Hunter,28,CLE,SF,11,11,29.1,6.2,14.0,.442,1.9,6.8,.280,4.3,7.2,.595,.510,3.7,4.5,.837,0.6,4.1,4.7,3.1,0.7,0.3,1.6,2.5,18.0,,huntede01
59,Andrew Nembhard,26,IND,PG,6,6,28.0,5.5,13.8,.398,2.0,6.2,.324,3.5,7.7,.457,.470,5.0,5.2,.968,0.2,1.7,1.8,6.5,0.3,0.2,2.0,2.5,18.0,,nembhan01
60,Jaren Jackson Jr.,26,MEM,C,14,14,28.7,6.2,13.0,.478,1.6,4.4,.377,4.6,8.6,.529,.541,3.8,4.7,.803,0.9,4.3,5.2,1.4,0.5,1.4,2.1,4.3,17.9,,jacksja02
61,Ja Morant,26,MEM,PG,12,12,28.8,5.8,16.3,.359,0.8,5.0,.167,5.0,11.3,.444,.385,5.4,5.8,.942,0.5,3.0,3.5,7.6,1.0,0.1,3.8,2.3,17.9,,moranja01
62,Nickeil Alexander-Walker,27,ATL,SG,12,9,30.4,5.9,13.4,.441,1.9,5.9,.324,4.0,7.5,.533,.512,4.1,4.8,.845,0.7,2.2,2.8,3.5,1.1,0.9,2.6,1.7,17.8,,alexani01
63,Trae Young,27,ATL,PG,5,5,27.8,5.2,14.0,.371,1.0,5.2,.192,4.2,8.8,.477,.407,6.4,7.8,.821,0.0,2.0,2.0,7.8,0.8,0.2,2.0,1.8,17.8,,youngtr01
64,Jaden McDaniels,25,MIN,PF,13,13,31.7,6.9,12.6,.549,1.7,3.4,.500,5.2,9.2,.567,.616,2.2,2.5,.848,1.1,3.5,4.5,2.3,0.9,1.3,1.8,3.7,17.7,,mcdanja02
65,Jaime Jaquez Jr.,24,MIA,SF,13,0,30.2,6.9,13.0,.533,0.4,1.9,.200,6.5,11.1,.590,.547,3.2,4.2,.778,1.3,6.0,7.3,5.2,0.7,0.3,1.7,2.2,17.5,,jaqueja01
66,Andrew Wiggins,30,MIA,SF,13,13,32.9,6.9,13.6,.508,1.9,5.1,.379,5.0,8.5,.586,.579,1.8,2.7,.657,1.6,3.3,4.9,2.8,1.2,0.9,2.2,2.6,17.5,,wiggian01
67,Stephon Castle,21,SAS,PG,13,13,32.0,5.9,11.9,.497,0.9,3.8,.240,5.0,8.1,.619,.535,4.5,6.5,.694,1.5,4.3,5.8,7.5,1.7,0.4,4.0,3.6,17.3,,castlst01
68,Jordan Poole,26,NOP,PG,7,4,30.3,5.0,14.1,.354,2.9,8.4,.339,2.1,5.7,.375,.455,4.4,4.6,.969,0.4,1.3,1.7,3.4,0.3,0.3,2.1,2.6,17.3,,poolejo01
69,Kristaps Porziņģis,30,ATL,C,9,9,25.8,5.4,12.7,.430,1.6,5.0,.311,3.9,7.7,.507,.491,4.9,5.7,.863,1.9,3.8,5.7,3.7,0.6,1.6,1.1,3.0,17.3,,porzikr01
70,Amen Thompson,23,HOU,SF,12,12,35.5,6.7,14.2,.471,0.5,2.4,.207,6.2,11.8,.525,.488,3.4,4.5,.759,2.3,3.8,6.1,5.2,1.3,0.5,2.3,2.3,17.3,,thompam01
71,Kon Knueppel,20,CHO,SF,13,12,32.6,5.9,13.0,.456,3.2,7.8,.402,2.8,5.2,.537,.577,2.2,2.5,.875,0.6,5.3,5.9,2.8,0.7,0.2,2.5,2.3,17.2,,knuepko01
72,Domantas Sabonis,29,SAC,C,11,11,33.2,6.7,13.2,.510,0.4,1.8,.200,6.4,11.4,.560,.524,3.4,4.6,.725,3.4,8.9,12.3,3.7,1.2,0.2,2.5,4.0,17.2,,sabondo01
73,Kyshawn George,22,WAS,SF,12,12,31.0,6.2,12.2,.507,2.6,5.8,.449,3.6,6.4,.558,.613,2.0,2.8,.706,0.6,5.5,6.1,4.6,0.9,0.9,3.3,4.8,16.9,,georgky01
74,Ryan Rollins,23,MIL,PG,14,13,31.1,6.5,12.4,.526,2.3,5.0,.457,4.2,7.4,.573,.618,1.6,2.1,.767,0.8,3.0,3.8,5.4,1.7,0.2,2.4,3.0,16.9,,rolliry01
75,Kelly Oubre Jr.,30,PHI,SF,12,12,34.8,6.2,12.4,.497,1.9,5.6,.343,4.3,6.8,.622,.574,2.5,3.2,.789,1.2,3.9,5.1,1.3,1.1,0.8,1.5,2.7,16.8,,oubreke01
76,Jrue Holiday,35,POR,PG,12,12,33.4,6.2,13.8,.446,2.6,7.1,.365,3.6,6.8,.531,.539,1.8,2.1,.840,1.3,3.9,5.3,8.3,1.6,0.3,2.9,2.0,16.7,,holidjr01
77,Ajay Mitchell,23,OKC,SG,14,5,28.3,6.1,13.3,.457,1.3,3.8,.340,4.8,9.5,.504,.505,3.3,3.6,.920,0.8,3.2,4.0,3.9,1.8,0.3,1.8,2.4,16.7,,mitchaj01
78,Quentin Grimes,25,PHI,SG,12,0,30.9,5.3,11.3,.467,2.4,6.2,.392,2.8,5.1,.557,.574,3.7,4.4,.830,0.4,3.6,4.0,4.4,0.9,0.5,3.2,2.5,16.6,,grimequ01
79,Desmond Bane,27,ORL,SG,14,14,32.5,6.1,13.9,.436,1.5,4.8,.313,4.6,9.1,.500,.490,2.9,3.1,.909,1.1,3.2,4.3,4.4,0.4,0.4,2.4,3.4,16.5,,banede01
80,Nikola Vučević,35,CHI,C,12,12,31.7,6.5,12.8,.506,1.9,4.4,.434,4.6,8.4,.545,.581,1.6,2.1,.760,2.1,8.0,10.1,3.5,0.7,0.5,1.8,2.4,16.5,,vucevni01
81,Payton Pritchard,28,BOS,PG,14,14,31.9,5.9,13.3,.446,2.5,7.8,.321,3.4,5.5,.623,.540,2.0,2.5,.800,0.9,3.0,3.9,5.0,0.8,0.0,1.3,2.0,16.4,,pritcpa01
82,CJ McCollum,34,WAS,SG,13,13,29.5,5.5,13.8,.394,2.6,6.9,.378,2.8,6.9,.411,.489,2.8,3.4,.818,0.7,2.5,3.2,3.3,0.8,0.2,1.5,2.3,16.3,,mccolcj01
83,Deandre Ayton,27,LAL,C,13,13,30.4,7.6,11.0,.692,0.0,0.0,,7.6,11.0,.692,.692,1.0,1.6,.619,2.8,5.5,8.4,0.9,0.7,0.9,2.7,3.2,16.2,,aytonde01
84,Ivica Zubac,28,LAC,C,13,13,31.3,6.9,11.0,.629,0.0,0.0,,6.9,11.0,.629,.629,2.3,3.1,.750,3.2,7.4,10.6,2.2,0.5,1.1,2.2,2.7,16.2,,zubaciv01
85,Derrick White,31,BOS,SG,14,14,32.9,5.5,15.4,.356,2.6,8.6,.306,2.9,6.8,.421,.442,2.4,2.9,.825,0.9,3.0,3.9,5.4,1.7,1.2,1.2,1.7,16.0,,whitede01
86,OG Anunoby,28,NYK,PF,12,12,31.1,5.8,12.3,.476,2.6,6.6,.392,3.3,5.7,.574,.582,1.6,2.1,.760,1.6,4.0,5.6,2.2,1.9,0.7,1.8,2.3,15.8,,anunoog01
87,Rui Hachimura,27,LAL,PF,13,13,34.6,6.1,10.5,.577,2.0,4.0,.500,4.1,6.5,.624,.672,1.7,2.3,.733,0.7,3.1,3.8,1.2,0.7,0.2,1.2,1.9,15.8,,hachiru01
88,Immanuel Quickley,26,TOR,PG,13,13,31.4,5.5,12.0,.462,2.3,6.2,.375,3.2,5.8,.553,.558,2.4,3.2,.756,0.6,3.7,4.3,6.2,1.2,0.0,1.7,2.2,15.8,,quickim01
89,Onyeka Okongwu,25,ATL,C,14,5,29.4,5.6,10.8,.517,1.7,4.4,.387,3.9,6.4,.607,.596,2.9,3.7,.769,1.8,6.1,7.9,2.5,0.9,1.1,1.6,3.5,15.7,,okongon01
90,Jarrett Allen,27,CLE,C,12,12,25.9,5.9,10.1,.587,0.0,0.3,.000,5.9,9.8,.607,.587,3.8,5.0,.750,2.4,5.3,7.8,1.8,1.2,0.9,1.6,1.5,15.6,,allenja01
91,Mikal Bridges,29,NYK,SF,12,12,34.8,5.8,12.0,.486,2.5,6.0,.417,3.3,6.0,.556,.590,1.4,1.7,.850,1.3,3.3,4.5,4.9,2.0,0.9,0.9,2.2,15.6,,bridgmi01
92,VJ Edgecombe,20,PHI,SG,12,12,37.3,5.8,14.1,.408,2.1,5.5,.379,3.7,8.6,.427,.482,2.0,2.6,.774,1.9,3.8,5.7,4.2,1.3,0.4,2.0,3.1,15.6,,edgecvj01
93,Cooper Flagg,19,DAL,PG,14,14,34.1,6.0,13.4,.447,1.1,3.9,.273,4.9,9.5,.519,.487,2.5,3.1,.795,1.1,5.6,6.7,3.2,1.4,0.8,2.3,2.4,15.6,,flaggco01
94,Jalen Green,23,PHO,SG,2,2,15.0,5.5,11.5,.478,3.0,7.0,.429,2.5,4.5,.556,.609,1.5,2.5,.600,1.0,1.0,2.0,2.0,1.0,0.0,1.0,1.0,15.5,,greenja05
95,Aaron Nesmith,26,IND,SF,11,11,30.5,4.9,13.4,.367,2.8,7.5,.373,2.1,5.8,.359,.473,2.8,3.5,.795,1.5,2.9,4.5,1.5,0.8,0.3,0.7,2.5,15.5,,nesmiaa01
96,Collin Sexton,27,CHO,SG,12,9,26.2,5.0,10.4,.480,1.6,3.7,.432,3.4,6.8,.506,.556,3.8,4.5,.852,0.3,2.1,2.3,5.0,0.8,0.0,3.0,2.4,15.4,,sextoco01
97,Matas Buzelis,21,CHI,PF,12,12,29.1,5.5,11.3,.485,1.8,4.6,.400,3.7,6.8,.543,.566,2.3,2.8,.848,1.2,4.6,5.8,1.2,0.8,1.1,2.0,3.4,15.2,,buzelma01
98,Nic Claxton,26,BRK,C,13,13,29.4,5.8,9.5,.610,0.0,0.5,.000,5.8,9.0,.641,.610,3.6,5.1,.712,2.8,4.2,7.0,3.9,0.8,1.4,1.3,2.7,15.2,,claxtni01
99,Ayo Dosunmu,26,CHI,SG,10,0,25.4,5.4,10.3,.524,1.9,4.1,.463,3.5,6.2,.565,.617,2.5,2.7,.926,0.3,2.1,2.4,3.2,0.7,0.1,1.3,1.8,15.2,,dosunay01
100,P.J. Washington,27,DAL,PF,13,13,31.2,5.5,12.2,.449,1.3,4.3,.304,4.2,7.8,.529,.503,2.9,4.5,.644,1.2,6.4,7.5,2.3,0.9,1.2,2.8,2.2,15.2,,washipj01
101,Isaiah Joe,26,OKC,SG,9,0,25.8,4.4,10.3,.430,3.3,8.2,.405,1.1,2.1,.526,.591,2.6,2.9,.885,0.7,2.7,3.3,1.3,0.8,0.1,1.1,2.0,14.8,,joeis01
102,Aaron Wiggins,27,OKC,SG,9,5,27.6,5.7,12.3,.459,2.8,6.7,.417,2.9,5.7,.510,.572,0.7,1.0,.667,1.0,2.7,3.7,2.2,0.4,0.8,1.0,2.2,14.8,,wiggiaa01
103,Jeremiah Fears,19,NOP,PG,13,11,26.5,5.6,12.8,.437,1.2,3.3,.349,4.5,9.5,.468,.482,2.2,2.7,.829,0.8,2.2,3.1,2.9,1.8,0.1,2.5,2.2,14.6,,fearsje01
104,Brandon Miller,23,CHO,SF,2,2,20.0,5.0,12.5,.400,1.0,5.5,.182,4.0,7.0,.571,.440,3.5,5.0,.700,0.0,0.0,0.0,4.0,0.5,0.5,1.5,2.5,14.5,,millebr02
105,Jabari Smith Jr.,22,HOU,PF,11,11,33.0,5.4,11.7,.457,2.0,5.4,.373,3.4,6.4,.529,.543,1.7,2.1,.826,1.2,5.2,6.4,1.6,0.8,0.8,1.0,2.7,14.5,,smithja05
106,Walker Kessler,24,UTA,C,5,5,30.8,5.2,7.4,.703,1.2,1.6,.750,4.0,5.8,.690,.784,2.8,4.0,.700,4.6,6.2,10.8,3.0,1.4,1.8,3.2,4.4,14.4,,kesslwa01
107,Russell Westbrook,37,SAC,SF,14,8,28.5,5.1,11.6,.436,2.1,5.3,.405,2.9,6.4,.461,.528,2.1,3.1,.674,1.7,4.9,6.6,6.4,1.0,0.1,3.2,2.1,14.4,,westbru01
108,Donte DiVincenzo,29,MIN,SG,13,13,30.7,4.4,10.3,.425,2.9,7.8,.376,1.5,2.5,.576,.567,2.4,2.8,.861,0.9,2.9,3.8,3.5,1.1,0.5,1.5,2.4,14.1,,divindo01
109,Cedric Coward,22,MEM,SG,14,1,26.7,4.6,9.6,.478,1.6,4.4,.371,2.9,5.1,.569,.563,3.2,3.6,.900,1.6,4.4,6.1,3.0,0.9,0.4,1.2,2.0,14.0,,cowarce01
110,Dylan Harper,19,SAS,SG,6,0,23.3,5.3,10.7,.500,0.8,2.3,.357,4.5,8.3,.540,.539,2.5,3.0,.833,0.8,3.2,4.0,3.8,0.7,0.0,1.8,3.0,14.0,,harpedy01
111,Obi Toppin,27,IND,PF,3,0,27.3,5.0,12.0,.417,1.0,5.7,.176,4.0,6.3,.632,.458,3.0,3.0,1.000,1.0,5.7,6.7,1.7,1.0,0.0,2.0,2.3,14.0,,toppiob01
112,Kevin Huerter,27,CHI,SF,12,3,26.6,5.3,10.6,.496,1.4,4.7,.304,3.8,5.9,.648,.563,2.0,2.4,.828,0.8,3.5,4.3,2.9,1.0,1.0,1.7,2.7,13.9,,huertke01
113,Ausar Thompson,23,DET,SF,10,10,29.1,5.8,11.5,.504,0.4,1.3,.308,5.4,10.2,.529,.522,1.9,3.9,.487,2.0,4.6,6.6,3.4,1.8,0.7,1.4,2.9,13.9,,thompau01
114,Jonathan Kuminga,23,GSW,PF,13,12,27.7,5.0,10.5,.478,0.9,2.8,.324,4.1,7.6,.535,.522,2.8,3.7,.771,1.6,5.0,6.6,2.8,0.4,0.3,2.7,1.9,13.8,,kuminjo01
115,Devin Vassell,25,SAS,SG,13,13,33.1,5.0,12.3,.406,2.5,7.2,.340,2.5,5.1,.500,.506,1.4,1.8,.783,0.4,3.2,3.5,2.4,1.1,0.2,1.2,2.1,13.8,,vassede01
116,Tobias Harris,33,DET,PF,6,6,32.2,4.7,11.8,.394,1.3,4.7,.286,3.3,7.2,.465,.451,2.8,3.0,.944,0.8,5.2,6.0,2.8,0.8,0.2,1.3,3.0,13.5,,harrito02
117,Kyle Kuzma,30,MIL,PF,13,4,26.0,5.1,9.9,.512,0.9,3.3,.279,4.2,6.6,.628,.558,2.5,3.2,.780,0.6,3.8,4.4,1.7,0.8,0.6,1.3,2.5,13.5,,kuzmaky01
118,Sam Merrill,29,CLE,SG,11,7,25.7,4.3,9.6,.443,3.5,8.2,.422,0.8,1.5,.563,.623,1.4,1.5,.938,0.7,1.1,1.8,2.5,0.5,0.2,0.8,3.1,13.4,,merrisa01
119,Anfernee Simons,26,BOS,SG,14,0,24.4,4.7,11.6,.405,2.7,6.9,.396,2.0,4.8,.418,.521,1.3,1.4,.900,0.4,1.7,2.1,2.4,0.4,0.2,1.2,2.1,13.4,,simonan01
120,Tre Jones,26,CHI,PG,11,11,29.9,4.4,8.8,.495,0.5,1.5,.353,3.8,7.3,.525,.526,4.0,4.7,.846,0.8,3.2,4.0,5.5,2.1,0.2,1.6,2.0,13.3,,jonestr01
121,Moses Moody,23,GSW,SG,13,5,24.2,4.1,9.2,.442,3.0,6.6,.453,1.1,2.6,.412,.604,2.0,2.4,.839,0.5,2.3,2.8,1.5,0.9,0.8,1.2,1.8,13.2,,moodymo01
122,Malik Monk,27,SAC,SG,11,0,24.3,4.7,10.4,.456,2.0,4.5,.440,2.7,5.8,.469,.553,1.6,1.8,.900,0.3,1.3,1.5,2.1,0.9,0.5,1.0,1.7,13.1,,monkma01
123,Zach Edey,23,MEM,C,1,1,25.0,3.0,7.0,.429,0.0,1.0,.000,3.0,6.0,.500,.429,7.0,9.0,.778,2.0,5.0,7.0,0.0,2.0,2.0,1.0,4.0,13.0,,edeyza01
124,Darius Garland,26,CLE,PG,3,3,24.3,4.0,12.0,.333,2.3,6.3,.368,1.7,5.7,.294,.431,2.7,2.7,1.000,1.0,2.0,3.0,5.0,1.0,0.0,1.7,2.0,13.0,,garlada01
125,Max Christie,22,DAL,SG,14,11,30.6,4.4,9.3,.477,2.7,5.9,.458,1.7,3.4,.511,.623,1.3,1.7,.750,0.1,3.5,3.6,2.7,0.6,0.6,1.1,1.9,12.9,,chrisma02
126,Zaccharie Risacher,20,ATL,SF,12,12,24.8,5.1,10.7,.477,1.7,4.8,.345,3.4,5.8,.586,.555,1.1,1.6,.684,0.6,2.1,2.7,1.5,1.2,0.6,0.8,1.8,12.9,,risacza01
127,Isaiah Hartenstein,27,OKC,C,14,14,28.6,5.6,8.1,.690,0.0,0.2,.000,5.6,7.9,.709,.690,1.6,2.4,.667,3.4,7.8,11.2,3.1,1.3,0.6,2.1,3.0,12.7,,harteis01
128,Santi Aldama,25,MEM,PF,14,0,25.6,4.9,10.6,.463,1.4,4.6,.313,3.5,6.1,.576,.530,1.4,2.4,.576,1.6,5.3,6.9,2.5,1.1,0.6,1.3,1.6,12.6,,aldamsa01
129,Reed Sheppard,21,HOU,PG,12,0,22.9,4.7,9.5,.491,2.8,5.8,.478,1.9,3.8,.511,.636,0.5,0.8,.667,0.3,2.4,2.7,3.1,1.6,0.3,1.3,2.0,12.6,,sheppre01
130,Duncan Robinson,31,DET,SF,13,13,32.2,4.2,9.2,.454,3.0,6.9,.433,1.2,2.2,.517,.618,1.2,1.6,.762,0.4,2.5,2.8,1.8,0.8,0.4,0.6,2.8,12.5,,robindu01
131,Jalen Suggs,24,ORL,PG,10,10,22.1,4.2,7.8,.538,1.8,4.5,.400,2.4,3.3,.727,.654,2.3,2.6,.885,0.7,3.2,3.9,4.4,1.6,0.3,3.0,3.5,12.5,,suggsja01
132,Saddiq Bey,26,NOP,SF,13,7,27.5,4.4,10.2,.429,2.2,5.4,.400,2.2,4.8,.460,.534,1.5,2.1,.704,1.8,3.0,4.8,2.0,0.8,0.0,0.7,1.0,12.4,,beysa01
133,Wendell Carter Jr.,26,ORL,C,14,14,29.9,4.1,7.9,.527,1.3,2.9,.450,2.9,5.0,.571,.609,2.9,3.6,.784,3.0,4.4,7.4,1.8,0.6,0.9,2.1,4.1,12.4,,cartewe01
134,Toumani Camara,25,POR,PF,13,13,34.6,4.5,11.1,.410,2.1,6.6,.314,2.5,4.5,.552,.503,1.2,1.6,.714,1.9,3.3,5.2,2.9,1.1,0.5,2.0,3.2,12.3,,camarto01
135,Dennis Schröder,32,SAC,PG,14,12,30.4,4.6,11.6,.401,1.6,4.6,.344,3.1,7.0,.439,.469,1.4,1.9,.769,0.3,3.4,3.6,5.9,1.1,0.2,1.9,1.9,12.3,,schrode01
136,D'Angelo Russell,29,DAL,PG,14,3,22.0,4.1,10.9,.382,1.2,5.0,.243,2.9,5.9,.500,.438,2.7,3.9,.704,0.4,2.4,2.9,4.9,0.6,0.1,2.2,1.3,12.2,,russeda01
137,Harrison Barnes,33,SAS,PF,13,13,29.7,4.0,7.4,.542,2.5,5.1,.485,1.5,2.3,.667,.708,1.6,1.8,.913,0.6,2.2,2.8,2.1,1.1,0.3,1.5,1.8,12.1,,barneha02
138,Myles Turner,29,MIL,C,14,14,29.4,4.2,9.6,.440,2.3,5.6,.410,1.9,4.0,.482,.560,1.4,2.1,.690,1.2,5.0,6.2,1.9,1.1,1.8,1.4,2.8,12.1,,turnemy01
139,John Collins,28,LAC,PF,13,4,25.2,4.8,9.3,.512,0.9,2.8,.333,3.8,6.5,.588,.562,1.5,2.0,.769,1.4,3.2,4.6,0.7,0.9,0.5,2.0,2.2,12.0,,collijo01
140,Tim Hardaway Jr.,33,DEN,SG,12,1,23.3,3.9,8.2,.480,2.8,5.6,.493,1.2,2.6,.452,.648,1.4,1.5,.944,0.3,1.7,1.9,1.6,0.4,0.1,0.3,1.3,12.0,,hardati02
141,Brandin Podziemski,22,GSW,SG,15,7,28.4,4.3,9.5,.455,1.9,4.9,.384,2.5,4.7,.529,.552,1.4,1.9,.750,0.4,4.1,4.5,3.1,1.3,0.3,1.3,2.3,11.9,,podzibr01
142,Quenton Jackson,27,IND,PG,5,3,20.2,4.0,7.4,.541,1.2,2.4,.500,2.8,5.0,.560,.622,2.6,3.6,.722,1.0,2.4,3.4,3.6,1.0,0.2,1.2,2.0,11.8,,jacksqu01
143,Tristan Da Silva,24,ORL,SF,14,2,23.1,4.1,8.5,.487,2.0,4.9,.406,2.1,3.6,.600,.605,1.4,1.7,.792,0.9,2.9,3.9,1.0,0.9,0.2,0.9,0.9,11.6,,dasiltr01
144,Tari Eason,24,HOU,PF,11,1,23.2,4.3,8.6,.495,2.5,4.8,.509,1.8,3.8,.476,.637,0.5,0.6,.714,1.5,3.7,5.2,1.6,0.8,0.5,1.7,1.6,11.5,,easonta01
145,Tre Johnson,19,WAS,SG,13,4,25.2,4.3,10.2,.424,1.9,5.2,.373,2.4,5.0,.477,.519,0.9,1.1,.857,0.5,2.7,3.2,1.4,0.3,0.5,1.5,1.9,11.5,,johnstr03
146,Naji Marshall,28,DAL,SF,14,1,26.5,3.6,7.7,.472,0.8,2.7,.289,2.9,5.0,.571,.523,3.4,4.2,.814,0.9,4.1,4.9,2.4,1.3,0.0,0.9,2.2,11.5,,marshna01
147,Royce O'Neale,32,PHO,SF,14,10,29.5,4.0,9.0,.444,3.2,7.4,.437,0.8,1.6,.478,.623,0.3,0.4,.667,1.1,4.4,5.5,3.1,1.2,0.1,1.5,2.6,11.5,,onealro01
148,Naz Reid,26,MIN,C,13,0,24.3,4.4,10.0,.438,1.8,5.3,.348,2.5,4.7,.541,.531,0.9,1.5,.632,1.2,4.4,5.6,2.1,1.0,0.9,1.4,2.8,11.5,,reidna01
149,Christian Braun,24,DEN,SG,11,11,29.5,4.4,8.8,.495,0.5,2.5,.214,3.8,6.3,.609,.526,2.1,2.6,.793,1.6,2.7,4.4,3.0,0.8,0.3,1.3,2.2,11.4,,braunch01
150,Mark Williams,24,PHO,C,12,9,25.4,4.5,7.3,.614,0.0,0.0,,4.5,7.3,.614,.614,2.4,3.1,.784,2.8,5.6,8.4,0.9,1.3,0.9,0.8,2.8,11.4,,willima07
151,Simone Fontecchio,30,MIA,SF,13,0,18.9,3.7,7.4,.500,2.5,5.2,.493,1.2,2.2,.517,.672,1.4,1.6,.857,0.5,2.0,2.5,1.0,0.5,0.2,0.9,2.2,11.3,,fontesi01
152,Anthony Black,22,ORL,PG,14,3,26.4,4.1,8.8,.463,1.1,3.5,.306,3.0,5.3,.568,.524,1.9,2.7,.684,0.5,2.5,3.0,2.4,1.1,0.7,2.1,2.5,11.1,,blackan01
153,Keldon Johnson,26,SAS,SF,13,0,23.2,4.5,8.0,.558,0.5,2.2,.250,3.9,5.8,.671,.591,1.6,2.0,.808,2.4,3.8,6.2,1.7,0.8,0.1,0.7,1.9,11.1,,johnske04
154,Vit Krejci,25,ATL,PG,10,0,21.1,3.9,7.2,.542,2.6,5.4,.481,1.3,1.8,.722,.722,0.7,1.0,.700,0.3,2.1,2.4,1.8,0.5,0.3,0.6,2.5,11.1,,krejcvi01
155,Jakob Poeltl,30,TOR,C,9,9,24.7,4.6,6.4,.707,0.0,0.0,,4.6,6.4,.707,.707,2.0,3.7,.545,3.0,4.3,7.3,1.8,0.7,0.7,1.2,3.7,11.1,,poeltja01
156,Jaylon Tyson,23,CLE,SG,11,7,25.8,4.0,8.2,.489,2.2,4.7,.462,1.8,3.5,.526,.622,0.9,1.2,.769,1.4,2.6,4.0,1.8,1.3,0.8,1.0,3.8,11.1,,tysonja01
157,Isaiah Collier,21,UTA,PG,5,1,26.2,3.6,6.0,.600,0.4,1.0,.400,3.2,5.0,.640,.633,3.4,4.8,.708,0.0,3.6,3.6,7.4,0.4,0.4,2.4,3.2,11.0,,colliis01
158,Isaiah Stewart,24,DET,C,10,3,23.0,4.2,8.5,.494,1.2,3.1,.387,3.0,5.4,.556,.565,1.4,2.1,.667,2.3,4.4,6.7,1.5,0.2,1.9,1.0,2.9,11.0,,stewais01
159,A.J. Green,26,MIL,SG,14,14,27.3,3.4,6.9,.490,3.0,6.4,.472,0.4,0.5,.714,.708,1.1,1.4,.789,0.1,2.4,2.4,1.7,0.4,0.1,0.8,3.2,10.8,,greenaj01
160,Kel'el Ware,21,MIA,C,13,10,24.0,4.2,8.1,.524,1.0,2.7,.371,3.2,5.4,.600,.586,1.4,1.8,.750,2.6,6.6,9.2,0.7,1.0,1.4,1.0,1.9,10.8,,wareke01
161,Daniel Gafford,27,DAL,C,9,9,23.0,4.1,6.2,.661,0.0,0.0,,4.1,6.2,.661,.661,2.4,3.0,.815,2.2,3.7,5.9,1.1,0.9,1.7,1.1,2.8,10.7,,gaffoda01
162,Tre Mann,24,CHO,PG,13,1,22.7,4.0,11.2,.359,1.7,5.5,.310,2.3,5.7,.405,.434,0.9,1.0,.923,0.8,2.5,3.3,3.3,0.6,0.2,2.1,2.3,10.6,,manntr01
163,Brandon Williams,26,DAL,PG,12,4,20.6,3.8,8.6,.447,0.3,2.3,.143,3.5,6.3,.560,.466,2.6,3.4,.756,0.5,1.9,2.4,3.3,1.8,0.1,1.8,1.6,10.6,,willibr03
164,Moussa Diabaté,24,CHO,C,13,1,23.1,3.8,5.8,.667,0.0,0.0,,3.8,5.8,.667,.667,2.8,3.9,.706,4.1,3.9,8.0,1.0,0.7,1.3,0.8,2.5,10.5,,diabamo01
165,Derrick Jones Jr.,28,LAC,SF,13,13,24.9,3.8,7.1,.533,1.2,3.5,.348,2.5,3.5,.717,.620,1.7,2.2,.786,0.8,1.5,2.4,1.1,0.8,1.2,0.8,2.0,10.5,,jonesde02
166,Derik Queen,21,NOP,C,13,1,22.3,3.9,8.1,.486,0.1,0.8,.100,3.8,7.3,.526,.490,2.5,3.3,.767,1.6,4.5,6.1,2.6,0.9,0.7,2.0,3.0,10.5,,queende01
167,Rudy Gobert,33,MIN,C,13,13,31.5,4.5,5.8,.763,0.0,0.0,,4.5,5.8,.763,.763,1.5,3.0,.487,2.8,6.8,9.6,1.3,0.5,1.8,1.7,3.1,10.4,,goberru01
168,Jordan Clarkson,33,NYK,SG,12,0,17.3,3.6,7.7,.467,1.6,4.1,.388,2.0,3.6,.558,.571,1.6,1.8,.864,0.9,0.8,1.8,1.6,0.3,0.2,0.9,1.9,10.3,,clarkjo01
169,Jock Landale,30,MEM,C,14,13,24.4,4.0,7.4,.544,1.1,2.5,.457,2.9,4.9,.588,.621,1.1,1.6,.696,2.2,3.2,5.4,1.7,0.6,0.4,1.1,3.0,10.3,,landajo01
170,Ryan Kalkbrenner,24,CHO,C,12,12,26.5,4.5,5.5,.818,0.0,0.1,.000,4.5,5.4,.831,.818,1.2,1.4,.824,3.4,3.4,6.8,0.4,1.0,2.3,1.7,2.3,10.2,,kalkbry01
171,Luke Kornet,30,SAS,C,6,1,23.0,4.2,5.2,.806,0.0,0.0,,4.2,5.2,.806,.806,1.8,2.7,.688,3.2,3.3,6.5,1.8,0.0,1.2,0.7,2.0,10.2,,kornelu01
172,Jake LaRavia,24,LAL,PF,14,6,28.8,3.7,7.8,.477,1.1,3.2,.333,2.6,4.6,.578,.546,1.7,2.6,.667,1.4,3.1,4.5,2.4,1.5,0.3,1.3,2.6,10.2,,laravja01
173,Marcus Smart,31,LAL,SG,11,9,29.2,3.2,7.9,.402,1.1,4.7,.231,2.1,3.2,.657,.471,2.7,2.9,.938,0.5,1.8,2.4,3.4,2.2,0.2,2.4,3.0,10.2,,smartma01
174,Jarace Walker,22,IND,PF,13,8,29.2,3.3,11.3,.293,1.4,5.4,.257,1.9,5.9,.325,.354,2.2,2.6,.824,0.7,4.7,5.4,3.2,0.5,0.5,2.2,2.1,10.2,,walkeja02
175,Herbert Jones,27,NOP,SF,13,13,30.5,3.7,8.8,.417,1.7,4.5,.373,2.0,4.3,.464,.513,1.0,1.5,.684,0.9,2.7,3.6,2.4,1.4,0.2,1.6,3.5,10.1,,joneshe01
176,Gary Trent Jr.,27,MIL,SG,14,12,27.4,3.4,8.8,.390,2.3,6.1,.372,1.1,2.6,.432,.520,0.9,1.3,.722,0.1,1.5,1.6,2.1,1.1,0.1,0.6,2.1,10.1,,trentga02
177,Davion Mitchell,27,MIA,PG,13,13,30.6,4.0,8.1,.495,1.2,3.0,.385,2.8,5.1,.561,.567,0.8,1.5,.579,0.5,2.4,2.8,7.6,1.5,0.1,1.7,3.2,10.0,,mitchda01
178,Pete Nance,25,MIL,PF,1,0,4.0,4.0,5.0,.800,2.0,3.0,.667,2.0,2.0,1.000,1.000,0.0,0.0,,0.0,1.0,1.0,0.0,0.0,0.0,0.0,0.0,10.0,,nancepe01
179,Kevin Porter Jr.,25,MIL,PG,1,1,9.0,3.0,5.0,.600,2.0,3.0,.667,1.0,2.0,.500,.800,2.0,2.0,1.000,0.0,0.0,0.0,2.0,1.0,0.0,0.0,0.0,10.0,,porteke02
180,Landry Shamet,28,NYK,SG,12,3,20.8,3.1,6.3,.487,2.1,4.7,.446,1.0,1.7,.600,.651,1.8,2.1,.840,0.5,1.5,2.0,0.9,0.4,0.1,0.5,1.3,10.0,,shamela01
181,Ziaire Williams,24,BRK,SF,11,0,22.8,3.1,7.8,.395,1.8,5.8,.313,1.3,2.0,.636,.512,2.0,2.4,.846,0.7,1.8,2.5,0.5,0.9,0.5,0.8,2.5,10.0,,willizi02
182,Collin Gillespie,26,PHO,PG,14,0,24.1,3.4,8.7,.385,2.3,5.9,.386,1.1,2.8,.385,.516,0.9,1.2,.765,1.1,3.1,4.1,5.1,1.0,0.4,1.4,1.3,9.9,,gilleco01
183,Pelle Larsson,24,MIA,SG,13,10,21.5,3.5,6.5,.548,1.2,3.1,.375,2.4,3.4,.705,.637,1.7,2.1,.815,0.4,2.0,2.4,2.7,0.5,0.2,1.2,1.9,9.9,,larsspe01
184,Terance Mann,29,BRK,SG,13,13,27.1,3.7,7.8,.475,1.2,3.1,.375,2.5,4.7,.541,.550,1.4,1.6,.857,1.5,1.5,3.1,3.2,0.8,0.2,0.8,3.2,9.9,,mannte01
185,Khris Middleton,34,WAS,SF,10,10,24.8,3.8,8.0,.475,0.9,2.8,.321,2.9,5.2,.558,.531,1.4,1.9,.737,1.3,2.6,3.9,2.4,0.9,0.2,1.6,3.3,9.9,,middlkh01
186,Julian Champagnie,24,SAS,SF,13,8,27.5,3.0,7.2,.415,2.1,5.5,.375,0.9,1.7,.545,.559,1.7,2.2,.759,0.8,3.8,4.6,1.2,1.2,0.3,1.3,1.2,9.8,,champju02
187,Daniss Jenkins,24,DET,PG,8,2,19.5,3.8,8.0,.469,1.4,2.5,.550,2.4,5.5,.432,.555,0.9,1.3,.700,0.8,1.3,2.0,3.6,1.5,0.0,1.4,1.4,9.8,,jenkida01
188,Jalen Smith,25,CHI,C,12,0,15.8,3.6,7.4,.483,1.6,4.1,.388,2.0,3.3,.600,.590,1.0,1.5,.667,2.1,4.1,6.2,1.3,0.2,0.3,1.0,2.1,9.8,,smithja04
189,Bogdan Bogdanović,33,LAC,SG,7,2,26.1,3.3,8.1,.404,1.9,5.0,.371,1.4,3.1,.455,.518,1.3,1.4,.900,0.3,3.0,3.3,3.1,0.9,0.1,1.7,2.6,9.7,,bogdabo01
190,Bilal Coulibaly,21,WAS,SG,5,5,24.6,3.2,8.8,.364,1.0,3.4,.294,2.2,5.4,.407,.420,2.2,3.0,.733,0.8,3.6,4.4,3.4,1.2,1.2,2.0,2.2,9.6,,coulibi01
191,Caris LeVert,31,DET,SG,9,0,20.1,3.4,6.8,.508,1.3,3.0,.444,2.1,3.8,.559,.607,1.3,2.1,.632,0.1,1.2,1.3,3.0,0.7,0.4,1.6,1.3,9.6,,leverca01
192,Sandro Mamukelashvili,26,TOR,C,12,0,18.1,3.4,5.8,.594,1.1,2.4,.448,2.3,3.3,.700,.688,1.7,2.1,.800,1.0,2.6,3.6,1.9,0.5,0.4,0.9,1.7,9.6,,mamuksa01
193,Bobby Portis,30,MIL,PF,14,0,20.4,3.9,8.4,.470,1.4,3.1,.432,2.6,5.2,.493,.551,0.4,0.6,.750,1.2,4.3,5.5,1.2,0.3,0.1,1.3,1.8,9.6,,portibo01
194,Klay Thompson,35,DAL,SF,13,7,21.6,3.4,10.0,.338,2.4,7.5,.320,1.0,2.5,.394,.458,0.5,0.5,1.000,0.2,2.5,2.8,1.9,0.2,0.4,1.2,0.8,9.6,,thompkl01
195,Noah Clowney,21,BRK,PF,13,7,25.1,2.6,7.5,.347,1.7,5.7,.297,0.9,1.8,.500,.459,2.5,3.4,.750,0.8,3.2,3.9,1.8,0.6,0.4,1.6,2.0,9.5,,clownno01
196,Svi Mykhailiuk,28,UTA,SF,13,13,27.2,3.5,7.5,.469,2.0,5.4,.371,1.5,2.2,.714,.602,0.4,0.5,.833,0.8,1.8,2.5,2.1,0.5,0.2,0.7,1.4,9.5,,mykhasv01
197,Jaylen Wells,22,MEM,SG,14,14,25.3,3.5,9.6,.366,1.5,5.3,.284,2.0,4.3,.467,.444,1.0,1.5,.667,1.2,2.4,3.6,1.5,0.6,0.0,0.9,2.1,9.5,,wellsja01
198,Will Richard,23,GSW,SG,13,4,18.2,3.3,5.8,.566,1.4,3.4,.409,1.9,2.5,.781,.684,1.4,1.8,.783,1.2,1.2,2.5,1.3,1.1,0.1,0.8,2.2,9.4,,richawi02
199,Jordan Miller,26,LAC,SF,3,0,16.3,2.7,5.3,.500,1.7,3.0,.556,1.0,2.3,.429,.656,2.3,2.7,.875,1.0,1.7,2.7,1.0,0.3,0.0,1.0,0.7,9.3,,millejo02
200,Neemias Queta,26,BOS,C,14,14,24.6,4.1,6.6,.613,0.0,0.2,.000,4.1,6.4,.633,.613,1.1,1.9,.593,3.1,5.0,8.1,1.7,0.8,1.4,0.9,3.1,9.3,,quetane01
201,Cole Anthony,25,MIL,PG,13,0,19.5,3.8,8.9,.431,0.8,2.8,.297,3.0,6.1,.494,.478,0.6,1.2,.533,0.6,2.8,3.5,5.0,0.8,0.4,2.1,2.8,9.2,,anthoco01
202,Ron Holland,20,DET,SF,13,4,23.8,3.4,8.8,.386,1.0,3.5,.289,2.4,5.3,.449,.443,1.5,1.7,.864,0.9,2.9,3.8,1.8,1.8,0.2,1.8,3.0,9.2,,hollaro01
203,Nikola Jović,22,MIA,PF,13,1,21.8,3.0,7.3,.411,1.1,3.6,.298,1.9,3.7,.521,.484,2.0,2.7,.743,0.8,3.8,4.6,3.2,0.7,0.5,1.9,2.6,9.1,,jovicni01
204,Brice Sensabaugh,22,UTA,SF,12,0,14.5,3.1,6.8,.457,1.8,4.8,.362,1.3,1.9,.696,.586,1.2,1.3,.933,0.5,2.3,2.8,1.1,0.5,0.1,0.8,1.5,9.1,,sensabr01
205,Trendon Watford,25,PHI,PF,9,4,21.6,3.4,6.6,.525,0.6,1.3,.417,2.9,5.2,.553,.568,1.6,2.1,.737,1.3,3.4,4.8,3.7,0.3,0.2,1.4,2.6,9.0,,watfotr01
206,Collin Murray-Boyles,20,TOR,PF,10,3,20.4,3.3,6.5,.508,0.9,1.8,.500,2.4,4.7,.511,.577,1.4,1.9,.737,1.9,1.8,3.7,1.2,0.8,0.5,1.1,2.5,8.9,,murraco01
207,Cam Whitmore,21,WAS,SF,13,0,17.0,3.5,7.6,.455,0.8,2.6,.324,2.6,5.0,.523,.510,1.2,1.5,.750,0.6,1.7,2.3,0.6,0.8,0.2,1.0,1.3,8.9,,whitmca01
208,Donovan Clingan,21,POR,C,13,13,25.1,3.5,7.4,.479,0.6,3.1,.200,2.9,4.3,.679,.521,1.2,1.2,.938,4.5,4.5,9.0,1.2,0.7,1.4,0.7,2.8,8.8,,clingdo01
209,Dyson Daniels,22,ATL,SG,14,14,32.8,3.8,8.1,.469,0.2,0.9,.231,3.6,7.1,.500,.482,0.9,1.5,.619,1.6,4.1,5.7,5.9,2.3,0.4,2.1,2.6,8.7,,daniedy01
210,Josh Hart,30,NYK,SF,11,0,24.7,3.4,7.3,.463,1.1,3.1,.353,2.3,4.2,.543,.538,0.9,1.2,.769,1.6,5.1,6.7,4.3,0.8,0.1,1.7,1.9,8.7,,hartjo01
211,T.J. McConnell,33,IND,PG,3,0,14.3,4.0,10.3,.387,0.3,2.0,.167,3.7,8.3,.440,.403,0.3,0.3,1.000,0.3,0.7,1.0,2.3,0.7,0.0,0.0,1.0,8.7,,mccontj01
212,Cam Spencer,25,MEM,SG,14,1,18.7,2.6,6.1,.419,1.9,4.3,.450,0.6,1.9,.346,.576,1.6,1.9,.885,0.1,1.9,2.0,3.0,0.7,0.1,0.9,1.4,8.7,,spencca01
213,Jonas Valančiūnas,33,DEN,C,12,0,12.6,3.3,6.0,.556,0.2,0.5,.333,3.2,5.5,.576,.569,1.8,2.6,.710,1.7,3.3,4.9,1.3,0.1,0.8,1.0,2.0,8.7,,valanjo01
214,Ryan Dunn,23,PHO,SF,14,9,23.9,3.5,7.3,.480,1.0,3.1,.318,2.5,4.1,.603,.549,0.6,0.9,.692,2.1,3.0,5.1,1.8,1.1,0.7,1.0,2.4,8.6,,dunnry01
215,Miles McBride,25,NYK,SG,10,2,22.8,3.0,7.6,.395,1.9,5.0,.380,1.1,2.6,.423,.520,0.6,0.9,.667,0.9,1.6,2.5,2.7,0.9,0.1,0.8,1.5,8.5,,mcbrimi01
216,Tolu Smith,25,DET,PF,2,0,11.0,3.0,4.0,.750,0.0,0.0,,3.0,4.0,.750,.750,2.5,3.5,.714,2.0,3.5,5.5,1.0,0.5,0.5,0.5,1.0,8.5,,smithto05
217,Cason Wallace,22,OKC,SG,13,13,29.1,3.1,7.4,.417,1.6,4.2,.382,1.5,3.2,.463,.526,0.8,0.8,.909,0.8,2.3,3.2,2.8,2.3,0.3,1.1,2.4,8.5,,wallaca01
218,Ace Bailey,19,UTA,SF,13,4,20.1,3.2,7.6,.414,1.0,3.1,.325,2.2,4.5,.475,.480,1.1,1.3,.824,2.0,1.6,3.6,1.5,0.6,0.2,1.4,2.5,8.4,,baileac01
219,Dominick Barlow,22,PHI,PF,3,2,26.3,3.0,6.0,.500,0.7,2.3,.286,2.3,3.7,.636,.556,1.7,2.0,.833,3.7,3.0,6.7,2.7,0.0,1.0,1.7,2.0,8.3,,barlodo01
220,Luke Kennard,29,ATL,SG,12,0,22.8,2.9,6.0,.486,1.5,3.5,.429,1.4,2.5,.567,.611,1.0,1.1,.923,0.7,1.6,2.3,1.8,1.0,0.1,1.3,1.3,8.3,,kennalu01
221,Isaac Okoro,25,CHI,SG,12,12,25.8,2.9,6.6,.443,1.2,3.1,.378,1.8,3.5,.500,.532,1.3,1.4,.882,1.3,1.8,3.0,1.9,0.5,0.8,1.3,3.3,8.3,,okorois01
222,Bradley Beal,32,LAC,SG,6,6,20.2,3.0,8.0,.375,1.2,3.2,.368,1.8,4.8,.379,.448,1.0,1.3,.750,0.3,0.5,0.8,1.7,0.5,0.0,1.5,2.3,8.2,,bealbr01
223,Sion James,23,CHO,SG,13,8,26.8,2.7,5.5,.486,1.5,3.2,.488,1.2,2.4,.484,.625,1.2,1.5,.842,0.4,2.6,3.0,1.5,0.8,0.3,0.9,1.6,8.2,,jamessi01
224,Isaiah Jackson,24,IND,C,13,9,18.6,3.2,5.7,.554,0.0,0.0,,3.2,5.7,.554,.554,1.8,2.2,.821,2.4,3.7,6.1,0.9,0.6,0.3,1.2,3.2,8.1,,jacksis01
225,Patrick Williams,24,CHI,PF,12,0,22.3,2.8,6.2,.446,1.6,3.8,.422,1.2,2.4,.483,.574,1.0,1.5,.667,0.7,2.3,2.9,1.5,1.2,0.4,1.2,1.7,8.1,,willipa01
226,Andre Drummond,32,PHI,C,11,3,21.5,3.2,5.4,.593,0.5,1.3,.429,2.6,4.1,.644,.644,1.1,1.8,.600,3.0,5.8,8.8,0.8,0.7,0.9,0.5,2.1,8.0,,drumman01
227,Corey Kispert,26,WAS,SF,13,0,19.0,2.8,5.5,.500,1.4,3.6,.383,1.4,1.9,.720,.625,1.1,1.5,.737,0.3,2.0,2.3,1.6,0.2,0.2,0.7,1.3,8.0,,kispeco01
228,Josh Okogie,27,HOU,SG,12,10,22.6,2.6,5.3,.492,1.3,2.9,.457,1.3,2.3,.536,.619,1.5,1.8,.818,0.9,1.3,2.3,1.3,1.6,0.2,0.6,2.1,8.0,,okogijo01
229,Vince Williams Jr.,25,MEM,SG,9,1,19.3,2.6,6.4,.397,1.6,4.3,.359,1.0,2.1,.474,.517,1.3,1.6,.857,0.7,3.6,4.2,2.7,0.8,0.2,2.0,2.0,8.0,,willivi01
230,Kentavious Caldwell-Pope,32,MEM,SG,14,13,23.4,2.6,7.2,.356,1.0,3.4,.298,1.6,3.9,.407,.426,1.8,2.0,.893,0.4,2.2,2.6,3.1,0.8,0.3,1.1,1.3,7.9,,caldwke01
231,Jose Alvarado,27,NOP,PG,12,0,19.6,2.6,6.0,.431,1.7,3.9,.426,0.9,2.1,.440,.569,0.9,1.1,.846,0.4,2.0,2.4,2.6,0.9,0.0,1.1,1.4,7.8,,alvarjo01
232,Kyle Filipowski,22,UTA,C,13,5,19.8,2.7,6.5,.412,0.8,2.7,.314,1.8,3.8,.480,.476,1.5,2.2,.690,1.5,4.1,5.6,2.3,0.4,0.5,1.2,2.8,7.8,,filipky01
233,Draymond Green,35,GSW,PF,14,14,28.1,2.7,7.3,.373,1.5,4.2,.356,1.2,3.1,.395,.475,0.7,1.2,.588,0.9,4.9,5.8,5.7,0.8,0.7,3.2,3.7,7.6,,greendr01
234,Dalton Knecht,24,LAL,SF,13,1,18.9,3.0,6.5,.464,1.2,3.5,.326,1.8,2.9,.632,.554,0.5,0.7,.667,0.6,1.8,2.4,0.6,0.5,0.5,0.6,1.5,7.6,,knechda01
235,Gradey Dick,22,TOR,SG,13,0,16.5,2.4,5.7,.419,1.2,3.4,.341,1.2,2.3,.533,.520,1.6,2.0,.808,0.4,1.9,2.3,0.5,0.5,0.0,0.4,0.8,7.5,,dickgr01
236,Josh Minott,23,BOS,PF,13,9,20.2,2.7,5.8,.461,1.0,3.0,.333,1.7,2.8,.595,.546,1.1,1.3,.824,1.9,3.4,5.3,1.5,1.1,0.4,0.7,2.2,7.5,,minotjo01
237,Luka Garza,27,BOS,C,13,0,14.2,2.7,4.7,.574,0.6,1.6,.381,2.1,3.1,.675,.639,1.3,1.7,.773,2.5,1.7,4.2,0.8,0.3,0.5,0.4,3.1,7.3,,garzalu01
238,Tyrese Martin,26,BRK,SG,13,2,21.2,2.8,7.5,.371,1.3,4.4,.298,1.5,3.1,.475,.459,0.5,0.7,.667,1.1,2.1,3.2,2.5,0.5,0.2,1.1,1.0,7.3,,martity01
239,Marvin Bagley III,26,WAS,PF,13,0,14.6,2.9,4.5,.655,0.2,0.5,.500,2.7,4.0,.673,.681,1.2,1.6,.714,1.8,2.4,4.2,1.2,0.5,0.5,0.9,2.1,7.2,,baglema01
240,Kris Dunn,31,LAC,PG,13,7,25.6,2.7,5.8,.467,0.8,2.4,.355,1.8,3.4,.545,.540,1.0,1.4,.722,0.8,1.7,2.5,2.2,1.5,0.3,1.5,2.5,7.2,,dunnkr01
241,Javonte Green,32,DET,SG,13,3,22.6,2.2,6.2,.363,1.0,3.2,.310,1.2,2.9,.421,.444,1.7,2.4,.710,1.0,2.8,3.8,1.3,1.0,0.5,0.8,1.5,7.2,,greenja02
242,Cameron Johnson,29,DEN,SF,11,11,24.5,2.6,7.1,.372,0.7,3.5,.211,1.9,3.6,.525,.423,1.2,1.5,.813,0.6,2.0,2.6,1.8,0.5,0.1,0.5,2.3,7.2,,johnsca02
243,Jusuf Nurkić,31,UTA,C,13,8,24.2,2.7,7.2,.372,0.3,1.8,.167,2.4,5.4,.443,.394,1.5,2.5,.606,2.2,7.3,9.5,3.6,1.8,0.5,2.7,2.8,7.2,,nurkiju01
244,Keon Ellis,26,SAC,SG,14,2,18.8,2.4,5.4,.453,1.7,3.9,.444,0.7,1.5,.476,.613,0.5,0.7,.700,0.3,1.2,1.5,0.6,1.4,0.3,0.4,2.4,7.1,,elliske01
245,Paul Reed,26,DET,C,11,2,12.8,3.2,4.6,.686,0.4,0.6,.571,2.8,4.0,.705,.725,0.4,0.7,.500,2.2,2.6,4.8,1.2,1.1,0.9,1.2,1.8,7.1,,reedpa01
246,Kyle Anderson,32,UTA,SF,3,0,16.3,2.7,5.7,.471,0.0,0.0,,2.7,5.7,.471,.471,1.7,2.3,.714,1.0,1.3,2.3,3.0,0.3,0.0,1.0,2.0,7.0,,anderky01
247,Egor Demin,19,BRK,PG,12,5,20.5,2.3,6.3,.373,1.7,4.7,.357,0.7,1.6,.421,.507,0.7,0.8,.889,0.5,2.5,3.0,3.3,0.8,0.2,1.5,1.8,7.0,,demineg01
248,Nick Smith Jr.,21,LAL,SG,6,0,15.0,2.7,6.2,.432,1.3,3.0,.444,1.3,3.2,.421,.541,0.3,0.5,.667,0.0,1.0,1.0,2.2,0.5,0.2,1.7,0.7,7.0,,smithni01
249,Nae'Qwan Tomlin,25,CLE,PF,5,0,12.8,2.6,5.0,.520,0.0,1.4,.000,2.6,3.6,.722,.520,1.8,2.0,.900,2.2,1.4,3.6,0.6,1.2,0.8,0.2,2.8,7.0,,tomlina01
250,Buddy Hield,33,GSW,SG,15,0,16.8,2.5,5.8,.425,1.2,3.7,.321,1.3,2.1,.613,.529,0.8,0.9,.923,0.3,1.3,1.6,1.6,0.9,0.0,1.0,1.3,6.9,,hieldbu01
251,Bruce Brown,29,DEN,SG,12,0,22.5,2.4,5.7,.426,0.8,1.8,.429,1.7,3.9,.426,.493,1.1,1.3,.867,1.2,3.3,4.5,1.3,0.8,0.2,0.8,2.4,6.7,,brownbr01
252,Justin Edwards,22,PHI,SF,10,1,13.6,2.4,4.7,.511,1.6,3.4,.471,0.8,1.3,.615,.681,0.3,0.3,1.000,0.5,1.0,1.5,0.9,0.2,0.2,0.5,2.1,6.7,,edwarju01
253,Brook Lopez,37,LAC,C,13,0,15.3,2.4,5.6,.425,1.4,3.9,.353,1.0,1.7,.591,.548,0.5,0.8,.700,0.3,2.0,2.3,0.6,0.4,0.8,0.9,1.7,6.7,,lopezbr01
254,Luguentz Dort,26,OKC,SF,8,8,30.6,2.3,7.3,.310,1.0,4.8,.211,1.3,2.5,.500,.379,1.1,1.3,.900,1.8,3.1,4.9,1.5,0.9,0.1,0.8,2.6,6.6,,dortlu01
255,Jordan Goodwin,27,PHO,PG,11,0,16.7,2.5,5.7,.429,1.2,3.0,.394,1.3,2.7,.467,.532,0.5,0.7,.750,1.5,2.2,3.7,2.0,1.2,0.1,1.1,1.6,6.6,,goodwjo01
256,Jeremy Sochan,22,SAS,PF,7,0,15.6,2.4,3.9,.630,0.7,1.4,.500,1.7,2.4,.706,.722,1.0,1.3,.778,0.6,2.1,2.7,1.6,0.4,0.3,1.1,2.9,6.6,,sochaje01
257,Sam Hauser,28,BOS,PF,14,2,21.5,2.1,6.9,.313,2.0,6.1,.329,0.1,0.8,.182,.458,0.2,0.3,.750,0.7,2.5,3.2,1.3,0.5,0.3,0.7,1.0,6.5,,hausesa01
258,Jamal Shead,23,TOR,PG,13,0,17.9,2.2,5.0,.431,1.2,2.8,.432,0.9,2.2,.429,.554,1.0,1.2,.813,0.4,1.3,1.7,5.1,0.7,0.0,1.2,2.2,6.5,,sheadja01
259,Ben Sheppard,24,IND,SG,13,5,25.1,2.4,7.5,.316,1.0,4.2,.241,1.4,3.4,.409,.383,0.8,1.0,.769,0.8,3.7,4.5,1.6,0.5,0.2,0.7,2.6,6.5,,sheppbe01
260,Peyton Watson,23,DEN,SF,12,2,22.2,2.3,5.3,.438,0.3,1.5,.222,2.0,3.8,.522,.469,1.5,2.1,.720,1.2,2.5,3.7,1.3,1.2,1.1,1.0,1.9,6.5,,watsope01
261,Lonzo Ball,28,CLE,PG,11,2,23.0,2.1,5.9,.354,1.6,4.8,.340,0.5,1.1,.417,.492,0.5,0.7,.750,1.3,2.7,4.0,5.4,1.0,0.2,2.4,1.8,6.4,,balllo01
262,Bub Carrington,20,WAS,PG,13,5,26.8,2.2,6.5,.329,1.3,3.0,.436,0.8,3.5,.239,.429,0.8,1.1,.714,0.2,3.8,4.0,4.4,0.7,0.2,2.5,2.5,6.4,,carrica01
263,Drew Eubanks,28,SAC,C,14,3,14.6,2.6,4.0,.661,0.0,0.1,.000,2.6,3.9,.673,.661,1.1,2.2,.484,0.6,2.1,2.8,0.3,0.5,1.0,0.9,1.3,6.4,,eubandr01
264,Day'Ron Sharpe,24,BRK,C,12,0,15.8,2.3,3.8,.622,0.3,0.8,.300,2.1,2.9,.714,.656,1.5,2.3,.667,2.3,2.9,5.3,1.9,0.8,0.5,2.0,2.4,6.4,,sharpda01
265,Mac McClung,27,IND,SG,3,0,11.3,2.3,6.0,.389,0.7,3.3,.200,1.7,2.7,.625,.444,1.0,1.3,.750,0.0,1.3,1.3,0.3,1.7,0.3,0.7,2.0,6.3,,mccluma01
266,Walter Clayton,22,UTA,PG,11,0,16.2,2.0,4.9,.407,0.9,2.6,.345,1.1,2.3,.480,.500,1.3,1.3,1.000,0.5,1.8,2.4,3.2,0.5,0.3,1.4,1.8,6.2,,claytwa01
267,Mike Conley,38,MIN,PG,13,4,20.5,1.8,4.4,.421,1.4,2.9,.474,0.5,1.5,.316,.579,1.2,1.2,1.000,0.4,1.6,2.0,3.5,0.6,0.2,1.0,1.7,6.2,,conlemi01
268,Mouhamed Gueye,23,ATL,PF,14,2,16.5,2.6,5.1,.500,0.7,2.4,.294,1.9,2.7,.684,.569,0.4,0.7,.500,1.1,2.7,3.8,1.4,0.4,0.6,0.9,1.9,6.2,,gueyemo02
269,Jalen Wilson,25,BRK,PF,11,0,15.7,1.9,4.8,.396,1.5,3.3,.444,0.5,1.5,.294,.547,0.9,1.2,.769,0.2,0.8,1.0,0.6,0.2,0.0,0.7,1.4,6.2,,wilsoja03
270,Steven Adams,32,HOU,C,11,2,21.7,2.3,4.5,.510,0.0,0.0,,2.3,4.5,.510,.510,1.5,2.1,.739,5.1,4.3,9.4,1.5,0.7,0.7,1.1,2.2,6.1,,adamsst01
271,Drake Powell,20,BRK,SG,7,0,17.7,2.6,4.9,.529,0.7,1.6,.455,1.9,3.3,.565,.603,0.3,0.3,1.000,0.4,1.9,2.3,2.0,0.9,0.1,1.3,1.7,6.1,,poweldr01
272,Taurean Prince,31,MIL,SF,8,0,21.1,2.1,4.8,.447,1.5,3.5,.429,0.6,1.3,.500,.605,0.4,0.4,1.000,0.0,1.6,1.6,1.0,0.8,0.3,0.6,2.5,6.1,,princta02
273,Doug McDermott,34,SAC,SF,1,0,8.0,2.0,3.0,.667,2.0,3.0,.667,0.0,0.0,,1.000,0.0,0.0,,0.0,0.0,0.0,0.0,0.0,0.0,1.0,1.0,6.0,,mcderdo01
274,Blake Wesley,22,POR,SG,6,0,16.3,2.3,5.7,.412,0.3,1.7,.200,2.0,4.0,.500,.441,1.0,1.7,.600,0.3,2.0,2.3,3.2,1.7,0.2,1.2,2.3,6.0,,weslebl01
275,Precious Achiuwa,26,SAC,C,7,4,16.9,2.4,4.4,.548,0.0,1.1,.000,2.4,3.3,.739,.548,1.0,1.9,.538,1.4,2.7,4.1,0.7,0.7,0.4,0.4,1.0,5.9,,achiupr01
276,Goga Bitadze,26,ORL,C,14,0,16.8,2.1,3.1,.698,0.1,0.4,.333,2.0,2.6,.757,.721,1.5,2.1,.724,1.6,3.4,5.1,1.1,0.5,1.3,0.5,2.1,5.9,,bitadgo01
277,Yves Missi,21,NOP,C,8,4,19.1,2.4,3.8,.633,0.0,0.0,,2.4,3.8,.633,.633,1.1,2.3,.500,3.0,2.1,5.1,1.3,0.3,1.0,1.1,1.6,5.9,,missiyv01
278,Asa Newell,20,ATL,PF,8,0,10.0,2.0,4.0,.500,1.0,2.0,.500,1.0,2.0,.500,.625,0.9,1.1,.778,1.1,1.0,2.1,0.1,0.5,0.4,0.5,1.4,5.9,,newelas01
279,Dru Smith,28,MIA,SG,13,0,16.7,2.2,4.8,.468,0.7,2.1,.333,1.5,2.7,.571,.540,0.8,0.9,.833,0.8,1.1,1.9,3.3,1.5,0.2,0.9,1.8,5.9,,smithdr01
280,Tony Bradley,28,IND,C,13,3,14.3,2.5,3.8,.640,0.0,0.1,.000,2.5,3.8,.653,.640,0.8,1.3,.647,2.0,1.3,3.3,0.8,0.2,0.2,0.3,2.3,5.8,,bradlto01
281,Alex Caruso,31,OKC,SG,10,0,18.3,2.0,5.2,.385,1.3,3.5,.371,0.7,1.7,.412,.510,0.5,0.6,.833,0.2,1.9,2.1,2.4,1.9,0.3,0.9,0.7,5.8,,carusal01
282,RayJ Dennis,24,IND,PG,11,0,14.6,2.0,6.4,.314,1.1,3.4,.324,0.9,3.0,.303,.400,0.7,0.8,.889,0.7,1.0,1.7,2.3,0.3,0.4,1.3,1.5,5.8,,dennira01
283,Jevon Carter,30,CHI,PG,3,0,12.7,1.7,2.7,.625,1.7,2.3,.714,0.0,0.3,.000,.938,0.7,0.7,1.000,0.3,0.7,1.0,2.0,0.7,0.0,0.3,0.3,5.7,,carteje01
284,KJ Simpson,23,CHO,PG,6,0,15.0,2.2,6.2,.351,0.8,2.3,.357,1.3,3.8,.348,.419,0.5,0.7,.750,0.5,1.8,2.3,3.0,0.7,0.0,1.7,1.3,5.7,,simpskj01
285,Jeremiah Robinson-Earl,25,IND,PF,8,3,20.9,2.1,5.6,.378,0.4,1.9,.200,1.8,3.8,.467,.411,1.0,1.1,.889,2.8,3.6,6.4,0.9,0.6,0.0,0.8,1.1,5.6,,robinje02
286,Cam Christie,20,LAC,SG,8,0,11.5,1.6,3.8,.433,0.9,2.0,.438,0.8,1.8,.429,.550,1.4,1.9,.733,0.4,1.5,1.9,1.0,0.3,0.1,0.1,0.4,5.5,,chrisca02
287,Jay Huff,27,IND,C,13,2,14.9,1.9,5.2,.368,0.9,3.5,.261,1.0,1.7,.591,.456,0.7,1.0,.692,1.1,2.0,3.1,0.8,0.1,1.8,0.6,2.1,5.5,,huffja01
288,Craig Porter Jr.,25,CLE,PG,14,0,17.1,2.1,4.3,.500,0.8,1.8,.440,1.4,2.5,.543,.592,0.4,0.9,.500,1.4,1.5,2.9,2.6,1.0,0.6,0.9,1.1,5.5,,portecr01
289,Quinten Post,25,GSW,PF,15,7,14.3,2.0,4.5,.441,1.2,3.3,.367,0.8,1.3,.632,.574,0.3,0.5,.714,0.9,3.0,3.9,0.9,0.4,0.6,0.6,1.1,5.5,,postqu01
290,Dean Wade,29,CLE,PF,13,2,21.8,1.8,5.0,.369,1.2,3.7,.313,0.7,1.3,.529,.485,0.7,0.9,.750,0.9,2.5,3.4,1.3,0.7,0.5,0.3,1.8,5.5,,wadede01
291,Al Horford,39,GSW,C,10,0,21.6,2.0,5.9,.339,1.4,4.3,.326,0.6,1.6,.375,.458,0.0,0.0,,1.0,2.9,3.9,1.8,0.8,1.0,1.3,1.6,5.4,,horfoal01
292,Jaylin Williams,23,OKC,PF,13,1,19.0,1.8,5.5,.338,1.3,4.8,.270,0.5,0.6,.875,.458,0.4,0.5,.714,0.6,4.2,4.8,2.4,0.6,0.6,0.8,1.6,5.4,,willija07
293,Kris Murray,25,POR,SF,12,0,22.8,2.3,4.7,.482,0.5,1.6,.316,1.8,3.1,.568,.536,0.3,0.5,.667,1.3,1.9,3.2,1.1,1.1,0.2,0.6,1.8,5.3,,murrakr01
294,Jaxson Hayes,25,LAL,C,11,1,16.8,2.2,3.2,.686,0.1,0.1,1.000,2.1,3.1,.676,.700,0.6,1.0,.636,1.2,3.0,4.2,1.2,0.4,0.5,0.5,1.5,5.1,,hayesja02
295,Jaylen Clark,24,MIN,SG,11,0,16.2,1.7,3.7,.463,0.6,1.6,.389,1.1,2.1,.522,.549,0.9,1.5,.625,1.0,1.1,2.1,0.8,0.8,0.1,0.5,2.3,5.0,,clarkja02
296,Tyrese Proctor,21,CLE,PG,12,0,11.8,1.8,5.2,.339,1.0,3.4,.293,0.8,1.8,.429,.435,0.5,0.6,.857,0.2,0.8,1.0,1.2,0.3,0.0,0.5,1.7,5.0,,proctty01
297,Kobe Sanders,23,LAC,SG,5,0,13.8,1.8,4.6,.391,1.0,2.8,.357,0.8,1.8,.444,.500,0.4,0.6,.667,1.0,0.8,1.8,1.4,0.6,0.0,1.0,2.0,5.0,,sandeko01
298,Matisse Thybulle,28,POR,SG,4,0,12.3,1.5,2.5,.600,1.0,1.5,.667,0.5,1.0,.500,.800,1.0,1.0,1.000,0.0,1.0,1.0,0.8,2.5,0.0,0.3,1.8,5.0,,thybuma01
299,Jaden Hardy,23,DAL,SG,11,0,10.6,1.6,4.1,.400,1.0,2.5,.393,0.6,1.5,.412,.522,0.6,0.8,.778,0.2,1.0,1.2,0.4,0.4,0.1,0.8,1.1,4.9,,hardyja02
300,Kevin Love,37,UTA,PF,7,0,14.1,1.3,3.6,.360,0.9,3.0,.286,0.4,0.6,.750,.480,1.4,1.7,.833,0.7,3.6,4.3,2.6,0.0,0.3,1.0,1.1,4.9,,loveke01
301,Pat Spencer,29,GSW,PG,9,0,11.0,1.6,4.4,.350,0.6,1.4,.385,1.0,3.0,.333,.413,1.2,1.3,.917,0.4,1.0,1.4,1.8,0.7,0.1,0.6,0.9,4.9,,spencpa01
302,Nique Clifford,23,SAC,SG,10,2,19.2,1.7,5.1,.333,0.6,2.3,.261,1.1,2.8,.393,.392,0.7,1.0,.700,0.7,2.3,3.0,2.2,0.4,0.4,0.7,2.3,4.7,,cliffni01
303,Aaron Holiday,29,HOU,PG,7,0,8.3,1.4,2.6,.556,0.7,1.6,.455,0.7,1.0,.714,.694,1.1,1.3,.889,0.0,0.6,0.6,1.0,0.1,0.1,0.7,0.7,4.7,,holidaa01
304,Keaton Wallace,26,ATL,PG,13,2,16.1,1.8,4.2,.426,1.0,2.4,.419,0.8,1.8,.435,.546,0.2,0.3,.500,0.1,1.8,1.9,3.0,0.8,0.2,0.8,1.5,4.7,,wallake01
305,Rob Dillingham,21,MIN,PG,11,0,11.2,1.8,4.5,.408,0.3,0.9,.300,1.5,3.5,.436,.439,0.7,1.0,.727,0.2,0.9,1.1,2.2,0.6,0.0,1.3,1.1,4.6,,dilliro01
306,Jarred Vanderbilt,26,LAL,PF,14,2,18.4,1.6,3.6,.440,0.3,1.0,.286,1.3,2.6,.500,.480,1.1,1.4,.842,1.4,4.2,5.6,1.5,1.0,0.4,1.6,1.9,4.6,,vandeja01
307,Jordan Walsh,21,BOS,PF,10,2,17.3,1.8,3.9,.462,0.7,1.7,.412,1.1,2.2,.500,.551,0.3,0.4,.750,1.3,3.1,4.4,1.0,1.0,0.6,0.2,2.2,4.6,,walshjo01
308,DeAndre Jordan,37,NOP,C,2,1,11.5,2.0,2.5,.800,0.0,0.0,,2.0,2.5,.800,.800,0.5,1.0,.500,2.0,3.0,5.0,0.0,0.0,0.0,0.5,0.5,4.5,,jordade01
309,Karlo Matković,24,NOP,PF,11,0,10.5,2.0,2.9,.688,0.2,0.5,.333,1.8,2.4,.769,.719,0.3,0.7,.375,0.6,1.8,2.5,0.7,0.2,0.5,0.4,1.0,4.5,,matkoka01
310,Antonio Reeves,25,CHO,SG,2,0,10.5,1.5,3.0,.500,1.5,2.5,.600,0.0,0.5,.000,.750,0.0,0.0,,0.5,0.5,1.0,0.0,0.0,0.0,0.0,0.5,4.5,,reevean01
311,Moussa Cisse,23,DAL,C,10,0,10.8,1.8,2.4,.750,0.0,0.0,,1.8,2.4,.750,.750,0.8,1.8,.444,1.8,1.8,3.6,0.1,0.2,1.4,0.9,2.0,4.4,,cissemo01
312,Taylor Hendricks,22,UTA,PF,9,3,16.4,1.7,4.4,.375,0.4,1.9,.235,1.2,2.6,.478,.425,0.7,0.9,.750,1.8,2.4,4.2,0.4,0.4,0.3,0.6,0.4,4.4,,hendrta01
313,Dereck Lively II,21,DAL,C,5,3,16.0,1.8,2.8,.643,0.0,0.0,,1.8,2.8,.643,.643,0.8,1.2,.667,1.2,3.4,4.6,2.0,0.6,1.4,1.6,3.0,4.4,,livelde01
314,Bones Hyland,25,MIN,PG,11,0,9.2,1.6,3.2,.514,0.7,2.0,.364,0.9,1.2,.769,.629,0.3,0.4,.750,0.1,0.8,0.9,1.4,0.5,0.0,0.7,1.2,4.3,,hylanbo01
315,Maxime Raynaud,22,SAC,C,6,0,12.3,1.5,3.8,.391,0.0,0.5,.000,1.5,3.3,.450,.391,1.3,1.5,.889,1.2,2.5,3.7,0.7,0.3,0.3,1.0,1.0,4.3,,raynama01
316,Javon Small,23,MEM,PG,8,0,12.4,1.3,3.5,.357,0.8,2.4,.316,0.5,1.1,.444,.464,1.0,1.3,.800,0.1,0.9,1.0,2.8,0.0,0.1,1.0,0.9,4.3,,smallja01
317,Oso Ighodaro,23,PHO,PF,14,4,15.7,1.9,3.6,.520,0.0,0.0,,1.9,3.6,.520,.520,0.5,1.0,.500,0.4,2.8,3.2,1.2,0.4,0.7,1.3,2.5,4.2,,ighodos01
318,Trayce Jackson-Davis,25,GSW,C,9,0,11.1,1.7,3.1,.536,0.0,0.0,,1.7,3.1,.536,.536,0.9,1.2,.727,1.1,1.2,2.3,1.2,0.3,0.4,0.8,1.9,4.2,,jackstr02
319,Duop Reath,29,POR,C,9,0,7.9,1.4,2.4,.591,1.3,2.2,.600,0.1,0.2,.500,.864,0.0,0.0,,0.1,0.6,0.7,0.4,0.0,0.1,0.1,0.8,4.2,,reathdu01
320,Jamison Battle,24,TOR,SF,10,0,7.3,1.5,2.1,.714,1.1,1.5,.733,0.4,0.6,.667,.976,0.0,0.0,,0.1,1.0,1.1,0.2,0.2,0.1,0.4,0.5,4.1,,battlja01
321,Liam McNeeley,20,CHO,SF,9,0,12.4,1.0,3.2,.310,0.7,2.0,.333,0.3,1.2,.273,.414,1.4,1.7,.867,0.4,1.4,1.9,1.2,0.2,0.1,0.6,1.6,4.1,,mcneeli01
322,Nick Richards,28,PHO,C,14,1,10.4,1.4,2.6,.556,0.0,0.0,,1.4,2.6,.556,.556,1.3,1.8,.720,1.3,2.2,3.5,0.4,0.1,0.5,0.9,1.5,4.1,,richani01
323,Robert Williams,28,POR,C,8,0,12.5,2.0,3.3,.615,0.1,0.4,.333,1.9,2.9,.652,.635,0.0,0.1,.000,1.9,2.0,3.9,0.8,0.6,0.6,0.3,1.0,4.1,,williro04
324,Koby Brea,23,PHO,SG,1,0,4.0,1.0,2.0,.500,0.0,1.0,.000,1.0,1.0,1.000,.500,2.0,2.0,1.000,0.0,0.0,0.0,1.0,0.0,0.0,0.0,0.0,4.0,,breako01
325,Jordan Hawkins,23,NOP,SG,12,0,14.0,1.4,4.9,.288,0.8,2.9,.257,0.7,2.0,.333,.364,0.4,0.6,.714,0.5,1.4,1.9,0.7,0.2,0.0,0.3,0.6,4.0,,hawkijo01
326,Olivier-Maxence Prosper,23,MEM,PF,9,0,8.4,1.1,2.2,.500,0.0,0.6,.000,1.1,1.7,.667,.500,1.8,1.8,1.000,0.7,1.3,2.0,0.6,0.1,0.1,0.4,0.4,4.0,,prospol01
327,Adou Thiero,21,LAL,SF,1,0,5.0,1.0,1.0,1.000,0.0,0.0,,1.0,1.0,1.000,1.000,2.0,2.0,1.000,1.0,0.0,1.0,0.0,0.0,0.0,0.0,0.0,4.0,,thierad01
328,James Wiseman,24,IND,C,1,1,20.0,2.0,3.0,.667,0.0,0.0,,2.0,3.0,.667,.667,0.0,0.0,,4.0,0.0,4.0,0.0,0.0,1.0,3.0,2.0,4.0,,wisemja01
329,Terrence Shannon Jr.,25,MIN,SG,7,0,16.4,1.3,4.0,.321,0.6,1.6,.364,0.7,2.4,.294,.393,0.7,1.0,.714,0.4,2.0,2.4,1.1,0.6,0.0,0.9,1.6,3.9,,shannte01
330,Malaki Branham,22,WAS,SG,5,0,6.8,1.2,2.2,.545,0.2,1.0,.200,1.0,1.2,.833,.591,1.2,1.6,.750,0.6,1.0,1.6,0.6,0.0,0.0,0.2,0.4,3.8,,branhma01
331,Yanic Konan Niederhauser,22,LAC,C,5,0,4.4,1.4,1.6,.875,0.0,0.0,,1.4,1.6,.875,.875,1.0,1.6,.625,0.6,0.6,1.2,0.4,0.0,0.2,0.2,0.4,3.8,,konanya01
332,Mark Sears,23,MIL,PG,5,0,4.2,1.0,1.8,.556,0.6,1.0,.600,0.4,0.8,.500,.722,1.2,1.6,.750,0.2,0.0,0.2,0.2,0.0,0.0,0.8,0.6,3.8,,searsma01
333,Nicolas Batum,37,LAC,PF,13,2,17.7,1.2,3.8,.320,1.1,3.5,.311,0.2,0.4,.400,.460,0.2,0.2,1.000,0.5,2.2,2.7,0.8,0.8,0.6,0.5,1.9,3.7,,batumni01
334,Pat Connaughton,33,CHO,SG,9,0,9.4,1.3,2.9,.462,0.7,1.8,.375,0.7,1.1,.600,.577,0.3,0.6,.600,0.3,1.7,2.0,0.7,0.4,0.1,0.3,0.4,3.7,,connapa01
335,Larry Nance Jr.,33,CLE,PF,12,1,15.1,1.5,4.4,.340,0.6,2.2,.269,0.9,2.3,.407,.406,0.1,0.3,.333,0.8,2.3,3.2,1.3,0.5,0.2,0.8,2.8,3.7,,nancela02
336,Mitchell Robinson,27,NYK,C,6,6,16.2,1.8,3.2,.579,0.0,0.0,,1.8,3.2,.579,.579,0.0,0.2,.000,5.8,2.8,8.7,1.0,0.5,1.2,0.7,2.8,3.7,,robinmi01
337,Julian Strawther,23,DEN,SG,9,0,7.9,1.2,3.3,.367,0.2,1.8,.125,1.0,1.6,.643,.400,1.0,1.4,.692,0.0,1.6,1.6,0.4,0.0,0.1,0.3,0.7,3.7,,strawju01
338,Gabe Vincent,29,LAL,PG,3,3,24.0,1.0,4.3,.231,0.7,3.3,.200,0.3,1.0,.333,.308,1.0,1.0,1.000,0.3,0.7,1.0,2.3,1.0,0.0,0.7,2.3,3.7,,vincega01
339,Clint Capela,31,HOU,C,11,0,9.8,1.5,2.3,.640,0.0,0.0,,1.5,2.3,.640,.640,0.7,0.9,.800,2.5,2.0,4.5,0.4,0.3,0.5,0.4,1.0,3.6,,capelca01
340,Charles Bassey,25,MEM,C,2,0,15.5,1.5,4.0,.375,0.0,0.0,,1.5,4.0,.375,.375,0.5,1.5,.333,3.5,4.0,7.5,1.0,0.5,0.5,0.5,2.5,3.5,,bassech01
341,Jordan McLaughlin,29,SAS,PG,8,0,9.3,1.3,3.0,.417,0.6,1.9,.333,0.6,1.1,.556,.521,0.4,0.4,1.000,0.4,0.4,0.8,1.3,0.9,0.0,0.3,0.9,3.5,,mclaujo01
342,Chaz Lanier,24,DET,SG,9,0,10.9,1.1,3.3,.333,0.9,2.9,.308,0.2,0.4,.500,.467,0.3,0.3,1.000,0.6,0.6,1.1,1.0,0.2,0.0,0.1,0.3,3.4,,laniech01
343,Caleb Love,24,POR,SG,5,0,9.0,1.4,5.0,.280,0.6,3.0,.200,0.8,2.0,.400,.340,0.0,0.0,,0.2,1.8,2.0,1.6,0.2,0.0,0.2,0.4,3.4,,loveca01
344,Ben Saraf,19,BRK,SG,7,5,13.9,1.0,3.9,.259,0.4,1.9,.231,0.6,2.0,.286,.315,0.9,1.1,.750,0.4,1.4,1.9,2.4,0.3,0.0,1.3,1.9,3.3,,sarafbe01
345,Monte Morris,30,IND,PG,5,0,12.4,1.2,3.8,.316,0.4,1.6,.250,0.8,2.2,.364,.368,0.4,0.8,.500,0.2,1.2,1.4,1.8,0.2,0.2,0.2,0.6,3.2,,morrimo01
346,Ryan Nembhard,22,DAL,PG,5,0,9.0,1.4,3.0,.467,0.0,0.8,.000,1.4,2.2,.636,.467,0.4,0.6,.667,0.2,0.0,0.2,1.8,0.0,0.0,1.2,0.6,3.2,,nembhry01
347,Jabari Walker,23,PHI,PF,12,5,12.8,1.3,3.1,.432,0.2,1.0,.167,1.2,2.1,.560,.459,0.3,0.4,.800,1.3,1.8,3.1,0.4,0.2,0.3,0.4,1.8,3.2,,walkeja01
348,Ja'Kobe Walter,21,TOR,SG,10,0,11.9,1.0,3.1,.323,0.6,2.2,.273,0.4,0.9,.444,.419,0.6,0.7,.857,0.6,0.7,1.3,0.6,0.7,0.1,0.8,1.8,3.2,,walteja01
349,Tidjane Salaün,20,CHO,PF,7,0,11.9,1.0,2.7,.368,0.6,1.7,.333,0.4,1.0,.429,.474,0.6,0.9,.667,0.7,2.9,3.6,0.7,0.3,0.1,0.4,1.1,3.1,,salauti01
350,Myron Gardner,24,MIA,SF,1,0,3.0,1.0,1.0,1.000,1.0,1.0,1.000,0.0,0.0,,1.500,0.0,0.0,,0.0,1.0,1.0,1.0,0.0,0.0,0.0,2.0,3.0,,gardnmy01
351,Hugo González,19,BOS,SF,11,1,12.4,1.3,2.8,.452,0.5,0.9,.500,0.8,1.9,.429,.532,0.0,0.1,.000,0.7,1.3,2.0,0.6,0.8,0.2,0.5,1.8,3.0,,gonzahu01
352,David Jones García,24,SAS,SF,3,0,3.7,1.3,2.3,.571,0.0,0.0,,1.3,2.3,.571,.571,0.3,1.0,.333,0.7,0.3,1.0,1.3,0.0,0.0,0.0,0.7,3.0,,jonesda06
353,Kyle Lowry,39,PHI,PG,1,0,3.0,1.0,1.0,1.000,1.0,1.0,1.000,0.0,0.0,,1.500,0.0,0.0,,0.0,0.0,0.0,1.0,1.0,0.0,0.0,0.0,3.0,,lowryky01
354,Riley Minix,25,SAS,SF,3,0,2.7,1.3,2.0,.667,0.3,1.0,.333,1.0,1.0,1.000,.750,0.0,0.0,,0.3,0.3,0.7,0.3,0.3,0.0,0.0,0.3,3.0,,minixri01
355,Wendell Moore Jr.,24,DET,SG,2,0,14.0,1.5,2.0,.750,0.0,0.5,.000,1.5,1.5,1.000,.750,0.0,0.0,,0.5,0.5,1.0,1.5,0.5,0.5,0.0,0.5,3.0,,moorewe01
356,Lindy Waters III,28,SAS,SG,5,0,8.2,1.0,2.0,.500,1.0,2.0,.500,0.0,0.0,,.750,0.0,0.0,,0.0,0.8,0.8,0.6,0.0,0.0,0.0,0.8,3.0,,waterli01
357,Kevon Looney,29,NOP,C,7,6,14.1,1.1,3.3,.348,0.1,0.9,.167,1.0,2.4,.412,.370,0.4,0.9,.500,1.9,2.0,3.9,1.6,0.3,0.6,0.7,2.0,2.9,,looneke01
358,Baylor Scheierman,25,BOS,SG,10,0,10.0,1.0,1.8,.556,0.8,1.5,.533,0.2,0.3,.667,.778,0.1,0.1,1.000,0.5,1.6,2.1,0.4,0.3,0.1,0.2,0.8,2.9,,scheiba01
359,Xavier Tillman Sr.,27,BOS,C,7,0,8.7,1.3,2.6,.500,0.3,1.1,.250,1.0,1.4,.700,.556,0.0,0.0,,1.0,1.4,2.4,0.6,0.4,0.1,0.1,1.0,2.9,,tillmxa01
360,Tristan Vukcevic,22,WAS,C,10,0,5.9,1.0,2.2,.455,0.3,1.0,.300,0.7,1.2,.583,.523,0.6,1.0,.600,0.1,0.8,0.9,0.4,0.1,0.4,0.5,0.6,2.9,,vukcetr01
361,Branden Carlson,26,OKC,C,9,0,8.4,1.2,2.8,.440,0.3,1.3,.250,0.9,1.4,.615,.500,0.0,0.0,,0.3,1.6,1.9,0.3,0.2,0.4,0.3,1.1,2.8,,carlsbr01
362,Caleb Houstan,23,ATL,SF,5,0,6.4,0.8,1.6,.500,0.6,1.2,.500,0.2,0.4,.500,.688,0.6,0.6,1.000,0.6,0.0,0.6,0.4,0.2,0.2,0.6,0.8,2.8,,houstca01
363,Jett Howard,22,ORL,SF,10,0,8.4,1.0,2.9,.345,0.8,2.2,.364,0.2,0.7,.286,.483,0.0,0.0,,0.1,0.5,0.6,0.7,0.1,0.3,0.1,0.5,2.8,,howarje01
364,Bobi Klintman,22,DET,SF,6,0,8.8,1.2,3.5,.333,0.5,1.8,.273,0.7,1.7,.400,.405,0.0,0.5,.000,0.8,1.8,2.7,0.7,0.3,0.0,0.8,1.5,2.8,,klintbo01
365,Isaiah Livers,27,PHO,PF,8,0,11.5,0.9,2.0,.438,0.6,1.8,.357,0.3,0.3,1.000,.594,0.4,0.4,1.000,0.5,1.3,1.8,0.5,0.3,0.4,0.1,0.8,2.8,,liveris01
366,Bryce McGowens,23,NOP,SG,5,0,6.0,0.8,2.0,.400,0.0,0.4,.000,0.8,1.6,.500,.400,1.2,1.6,.750,0.0,0.2,0.2,0.6,0.4,0.0,0.2,0.2,2.8,,mcgowbr01
367,Kelly Olynyk,34,SAS,C,4,0,9.3,1.3,2.0,.625,0.3,0.3,1.000,1.0,1.8,.571,.688,0.0,0.0,,1.3,1.5,2.8,3.3,0.0,0.0,0.8,1.3,2.8,,olynyke01
368,Ochai Agbaji,25,TOR,SG,9,1,13.9,1.0,2.8,.360,0.1,1.3,.083,0.9,1.4,.615,.380,0.6,0.9,.625,0.2,1.9,2.1,0.7,0.6,0.1,0.3,1.8,2.7,,agbajoc01
369,Justin Champagnie,24,WAS,SF,12,3,8.4,0.7,2.1,.320,0.2,0.8,.200,0.5,1.3,.400,.360,1.2,1.4,.824,1.4,1.4,2.8,0.3,0.3,0.0,0.2,1.0,2.7,,champju01
370,Johnny Furphy,21,IND,SG,3,0,12.3,1.0,2.0,.500,0.7,1.0,.667,0.3,1.0,.333,.667,0.0,0.0,,0.3,1.7,2.0,0.0,0.7,0.0,1.0,1.3,2.7,,furphjo01
371,Eric Gordon,37,PHI,SG,3,0,7.0,1.0,1.7,.600,0.7,1.3,.500,0.3,0.3,1.000,.800,0.0,0.0,,0.0,0.0,0.0,0.3,0.3,0.0,0.7,0.7,2.7,,gordoer01
372,Ron Harper Jr.,25,BOS,SF,3,0,5.0,1.0,2.3,.429,0.7,2.0,.333,0.3,0.3,1.000,.571,0.0,0.0,,0.3,0.7,1.0,1.0,0.0,0.3,0.0,0.7,2.7,,harpero02
373,Guerschon Yabusele,30,NYK,C,11,0,9.6,0.9,2.8,.323,0.6,2.0,.318,0.3,0.8,.333,.435,0.3,0.5,.500,1.1,1.4,2.5,0.4,0.2,0.1,0.2,1.2,2.7,,yabusgu01
374,Ousmane Dieng,22,OKC,C,11,0,11.8,1.0,3.2,.314,0.3,1.5,.188,0.7,1.7,.421,.357,0.4,0.4,1.000,0.4,1.5,1.9,0.5,0.1,0.5,0.5,0.9,2.6,,diengou01
375,Gary Harris,31,MIL,SG,7,0,10.0,1.0,2.0,.500,0.6,1.1,.500,0.4,0.9,.500,.643,0.0,0.0,,0.1,0.4,0.6,0.6,0.7,0.3,0.3,0.7,2.6,,harriga01
376,Jonathan Isaac,28,ORL,PF,13,0,9.7,0.8,2.2,.379,0.3,1.4,.222,0.5,0.8,.636,.448,0.6,0.9,.667,0.6,2.2,2.8,0.1,0.5,0.4,0.2,0.7,2.6,,isaacjo01
377,John Konchar,29,MEM,SG,12,0,11.5,1.0,1.8,.545,0.5,1.2,.429,0.5,0.7,.750,.682,0.1,0.1,1.000,0.3,2.0,2.3,0.9,0.8,0.4,0.3,0.8,2.6,,konchjo01
378,Cody Williams,21,UTA,SG,8,0,12.1,1.1,3.1,.360,0.3,1.4,.182,0.9,1.8,.500,.400,0.1,0.4,.333,0.3,0.8,1.0,0.5,0.3,0.1,0.4,1.6,2.6,,willico04
379,Thomas Bryant,28,CLE,C,8,0,6.8,1.3,2.8,.455,0.0,1.3,.000,1.3,1.5,.833,.455,0.0,0.4,.000,0.6,1.3,1.9,0.1,0.4,0.4,0.1,0.8,2.5,,bryanth01
380,Jalen Pickett,26,DEN,SG,6,1,7.0,1.0,2.0,.500,0.3,1.0,.333,0.7,1.0,.667,.583,0.2,0.2,1.000,0.2,0.8,1.0,1.2,0.0,0.0,0.7,0.7,2.5,,pickeja02
381,Dwight Powell,34,DAL,C,11,0,8.9,0.5,1.1,.500,0.0,0.0,,0.5,1.1,.500,.500,1.4,1.5,.882,0.9,1.0,1.9,0.6,0.4,0.2,0.5,1.8,2.5,,poweldw01
382,Chris Boucher,33,BOS,PF,7,0,10.9,1.0,3.1,.318,0.1,1.7,.083,0.9,1.4,.600,.341,0.3,0.3,1.000,0.3,2.1,2.4,0.3,0.6,0.7,0.1,2.1,2.4,,bouchch01
383,Sidy Cissoko,21,POR,SF,8,0,11.1,0.9,1.9,.467,0.1,0.6,.200,0.8,1.3,.600,.500,0.5,0.9,.571,0.8,0.9,1.6,0.8,0.3,0.0,0.3,2.0,2.4,,cissosi01
384,Jeff Green,39,HOU,PF,5,0,4.2,0.8,1.2,.667,0.8,1.2,.667,0.0,0.0,,1.000,0.0,0.0,,0.2,0.2,0.4,0.0,0.0,0.2,0.0,0.4,2.4,,greenje02
385,E.J. Liddell,25,BRK,PF,5,0,5.0,0.8,2.2,.364,0.4,1.6,.250,0.4,0.6,.667,.455,0.4,0.6,.667,0.2,1.2,1.4,0.0,0.0,0.0,0.0,0.8,2.4,,liddeej01
386,Gary Payton II,33,GSW,SG,14,0,9.9,1.1,2.6,.417,0.2,1.1,.188,0.9,1.4,.600,.458,0.0,0.0,,0.9,1.8,2.6,1.1,0.6,0.3,0.6,1.1,2.4,,paytoga02
387,Noah Penda,21,ORL,SF,7,0,6.7,0.9,1.6,.545,0.3,0.3,1.000,0.6,1.3,.444,.636,0.4,0.6,.750,0.9,1.0,1.9,0.9,0.1,0.3,0.4,0.9,2.4,,pendano01
388,Maxi Kleber,34,LAL,PF,3,0,16.0,0.7,1.3,.500,0.7,1.0,.667,0.0,0.3,.000,.750,0.3,0.7,.500,0.7,1.7,2.3,1.3,0.3,0.7,0.0,2.0,2.3,,klebima01
389,Tyler Kolek,24,NYK,PG,10,0,6.7,1.0,2.4,.417,0.3,1.3,.231,0.7,1.1,.636,.479,0.0,0.0,,0.2,0.3,0.5,1.3,0.1,0.0,0.6,0.9,2.3,,kolekty01
390,Chris Paul,40,LAC,PG,8,0,12.9,0.8,3.1,.240,0.6,2.4,.263,0.1,0.8,.167,.340,0.1,0.1,1.000,0.6,1.1,1.8,3.6,1.1,0.0,0.9,1.6,2.3,,paulch01
391,Nolan Traoré,19,BRK,PG,3,0,11.0,0.7,3.0,.222,0.7,2.0,.333,0.0,1.0,.000,.333,0.3,0.7,.500,0.0,0.3,0.3,1.3,0.7,0.0,0.7,1.7,2.3,,traorno01
392,Adem Bona,22,PHI,C,12,3,14.8,0.8,1.7,.450,0.0,0.1,.000,0.8,1.6,.474,.450,0.7,1.3,.500,1.3,2.2,3.4,0.3,0.4,1.7,0.6,1.5,2.2,,bonaad01
393,JD Davison,23,HOU,PG,5,0,4.8,0.8,1.6,.500,0.6,1.2,.500,0.2,0.4,.500,.688,0.0,0.4,.000,0.0,0.0,0.0,0.4,0.2,0.2,0.0,0.4,2.2,,davisjd01
394,Elijah Harkless,25,UTA,SG,6,0,10.5,0.7,1.8,.364,0.3,1.2,.286,0.3,0.7,.500,.455,0.5,0.8,.600,0.3,0.7,1.0,0.7,0.5,0.0,0.5,1.7,2.2,,harklej01
395,Taelon Peter,23,IND,SG,9,0,9.7,0.7,2.7,.250,0.6,2.4,.227,0.1,0.2,.500,.354,0.3,0.3,1.000,0.4,1.1,1.6,1.3,0.2,0.2,0.9,0.6,2.2,,peterta01
396,Will Riley,19,WAS,SF,9,0,7.1,0.9,2.0,.444,0.1,0.4,.250,0.8,1.6,.500,.472,0.3,0.7,.500,0.3,1.2,1.6,0.8,0.2,0.0,0.2,0.2,2.2,,rileywi01
397,Kobe Brown,26,LAC,PF,7,0,8.6,0.7,1.6,.455,0.1,0.9,.167,0.6,0.7,.800,.500,0.6,0.6,1.000,0.6,1.6,2.1,1.0,0.0,0.0,0.4,0.3,2.1,,brownko01
398,Carter Bryant,20,SAS,PF,8,0,6.8,0.8,2.6,.286,0.3,1.4,.182,0.5,1.3,.400,.333,0.4,0.4,1.000,0.0,1.0,1.0,0.0,0.3,0.1,0.5,0.6,2.1,,bryanca01
399,Devin Carter,23,SAC,PG,8,0,8.1,0.6,2.6,.238,0.3,1.4,.182,0.4,1.3,.300,.286,0.6,0.6,1.000,0.4,1.1,1.5,1.1,0.8,0.1,0.8,1.0,2.1,,cartede02
400,Leonard Miller,22,MIN,SF,7,0,3.9,0.9,1.4,.600,0.0,0.4,.000,0.9,1.0,.857,.600,0.4,0.7,.600,0.1,1.0,1.1,0.1,0.1,0.0,0.4,0.4,2.1,,millele01
401,Johni Broome,23,PHI,PF,2,0,3.0,1.0,2.5,.400,0.0,0.5,.000,1.0,2.0,.500,.400,0.0,0.0,,1.0,0.0,1.0,0.5,0.0,0.0,0.0,0.0,2.0,,broomjo01
402,Hunter Dickinson,25,NOP,C,1,0,5.0,1.0,2.0,.500,0.0,0.0,,1.0,2.0,.500,.500,0.0,0.0,,0.0,0.0,0.0,0.0,0.0,1.0,2.0,2.0,2.0,,dickihu01
403,GG Jackson II,21,MEM,PF,6,0,4.7,0.7,2.3,.286,0.0,1.0,.000,0.7,1.3,.500,.286,0.7,1.2,.571,0.2,0.3,0.5,0.2,0.5,0.0,0.0,0.5,2.0,,jacksgg01
404,Bronny James,21,LAL,SG,9,1,11.9,0.8,2.9,.269,0.2,1.1,.200,0.6,1.8,.313,.308,0.2,0.2,1.000,0.4,0.6,1.0,1.8,0.9,0.1,0.6,1.2,2.0,,jamesbr02
405,Colby Jones,23,DET,SG,1,0,7.0,1.0,3.0,.333,0.0,2.0,.000,1.0,1.0,1.000,.333,0.0,0.0,,0.0,4.0,4.0,2.0,0.0,0.0,0.0,1.0,2.0,,jonesco02
406,Daeqwon Plowden,27,SAC,SG,1,0,14.0,1.0,5.0,.200,0.0,3.0,.000,1.0,2.0,.500,.200,0.0,0.0,,2.0,0.0,2.0,0.0,0.0,0.0,0.0,0.0,2.0,,plowdda01
407,Gui Santos,23,GSW,PF,12,0,6.4,0.8,1.8,.429,0.4,1.3,.313,0.3,0.4,.800,.548,0.1,0.2,.500,0.7,0.7,1.3,0.2,0.3,0.0,0.4,1.3,2.0,,santogu01
408,Jacob Toppin,25,ATL,SF,3,0,3.0,1.0,1.3,.750,0.0,0.0,,1.0,1.3,.750,.750,0.0,0.0,,0.0,0.3,0.3,0.0,0.0,0.0,0.0,0.3,2.0,,toppija01
409,Jamir Watkins,24,WAS,SG,3,0,7.0,1.0,1.3,.750,0.0,0.3,.000,1.0,1.0,1.000,.750,0.0,0.0,,0.3,1.7,2.0,0.0,0.0,0.3,0.3,1.3,2.0,,watkija01
410,PJ Hall,23,MEM,C,7,0,3.9,0.7,1.3,.556,0.1,0.4,.333,0.6,0.9,.667,.611,0.3,0.4,.667,0.4,0.9,1.3,0.3,0.0,0.3,0.1,0.4,1.9,,hallpj01
411,Spencer Jones,24,DEN,SF,8,0,9.0,0.6,1.1,.556,0.3,0.6,.400,0.4,0.5,.750,.667,0.4,0.5,.750,0.3,0.0,0.3,0.5,0.8,0.1,0.6,1.5,1.9,,jonessp01
412,Khaman Maluach,19,PHO,C,7,0,5.0,0.4,1.0,.429,0.0,0.4,.000,0.4,0.6,.750,.429,1.0,1.1,.875,0.1,0.7,0.9,0.1,0.0,0.6,0.7,1.1,1.9,,maluakh01
413,Anthony Gill,33,WAS,PF,5,0,2.6,0.6,0.8,.750,0.2,0.2,1.000,0.4,0.6,.667,.875,0.4,0.4,1.000,0.2,0.6,0.8,0.0,0.0,0.0,0.4,0.2,1.8,,gillan01
414,Yang Hansen,20,POR,C,5,0,5.8,0.4,1.8,.222,0.0,0.6,.000,0.4,1.2,.333,.222,1.0,1.2,.833,0.6,0.2,0.8,0.0,0.0,0.4,0.6,0.8,1.8,,yangha01
415,Keshad Johnson,24,MIA,SF,4,0,5.5,0.8,3.0,.250,0.3,1.5,.167,0.5,1.5,.333,.292,0.0,0.0,,0.3,1.3,1.5,0.0,0.5,0.0,0.3,0.5,1.8,,johnske10
416,Cody Martin,30,IND,SF,4,0,13.8,0.5,2.5,.200,0.0,1.3,.000,0.5,1.3,.400,.200,0.8,1.5,.500,0.3,3.3,3.5,0.5,1.0,0.5,1.0,1.3,1.8,,martico01
417,Zeke Nnaji,25,DEN,PF,6,0,3.5,0.7,1.2,.571,0.2,0.7,.250,0.5,0.5,1.000,.643,0.3,0.5,.667,0.2,0.2,0.3,0.3,0.0,0.0,0.3,1.2,1.8,,nnajize01
418,Dylan Cardwell,24,SAC,C,3,1,11.0,0.7,2.0,.333,0.0,0.3,.000,0.7,1.7,.400,.333,0.3,0.7,.500,0.7,1.0,1.7,0.0,0.7,1.0,0.7,3.3,1.7,,cardwdy01
419,Rasheer Fleming,21,PHO,PF,7,0,5.1,0.7,2.1,.333,0.3,1.3,.222,0.4,0.9,.500,.400,0.0,0.0,,0.6,0.3,0.9,0.3,0.1,0.1,0.1,0.7,1.7,,flemira01
420,Nigel Hayes-Davis,31,PHO,SF,11,0,8.5,0.8,1.9,.429,0.1,0.7,.125,0.7,1.2,.615,.452,0.0,0.0,,0.5,0.7,1.2,0.5,0.5,0.0,0.5,0.8,1.7,,hayesni01
421,Harrison Ingram,23,SAS,SF,3,0,3.7,0.7,1.0,.667,0.3,0.3,1.000,0.3,0.7,.500,.833,0.0,0.0,,1.0,0.0,1.0,0.0,0.0,0.0,0.0,0.7,1.7,,ingraha01
422,Julian Phillips,22,CHI,SF,11,0,6.6,0.7,1.8,.400,0.3,0.9,.300,0.5,0.9,.500,.475,0.0,0.0,,0.5,0.3,0.7,0.1,0.4,0.2,0.1,0.6,1.7,,phillju01
423,Dario Šarić,31,SAC,C,3,0,9.3,0.3,1.7,.200,0.3,0.7,.500,0.0,1.0,.000,.300,0.7,0.7,1.000,0.3,1.3,1.7,0.7,0.0,0.0,0.3,0.0,1.7,,saricda01
424,Dalen Terry,23,CHI,SG,7,0,5.9,0.6,1.3,.444,0.1,0.3,.500,0.4,1.0,.429,.500,0.4,0.9,.500,0.0,0.4,0.4,0.6,0.1,0.3,0.1,0.6,1.7,,terryda01
425,Luke Travers,24,CLE,SG,6,0,7.8,0.3,2.7,.125,0.0,1.0,.000,0.3,1.7,.200,.125,1.0,1.0,1.000,0.7,1.2,1.8,0.7,0.5,0.7,0.2,0.3,1.7,,travelu01
426,Amir Coffey,28,MIL,SG,13,0,9.8,0.6,1.5,.421,0.2,0.6,.250,0.5,0.8,.545,.474,0.2,0.2,1.000,0.3,0.8,1.1,0.5,0.0,0.1,0.1,0.5,1.6,,coffeam01
427,Micah Peavy,24,NOP,SG,9,0,10.4,0.7,2.6,.261,0.1,1.0,.111,0.6,1.6,.357,.283,0.1,0.2,.500,1.0,1.1,2.1,0.7,0.1,0.1,0.2,1.4,1.6,,peavymi01
428,Joan Beringer,19,MIN,PF,8,0,3.8,0.8,0.9,.857,0.0,0.0,,0.8,0.9,.857,.857,0.0,0.1,.000,0.1,0.9,1.0,0.0,0.1,0.1,0.3,0.9,1.5,,berinjo01
429,DaRon Holmes,23,DEN,PF,2,0,2.0,0.5,0.5,1.000,0.5,0.5,1.000,0.0,0.0,,1.500,0.0,0.0,,0.0,0.0,0.0,0.0,0.0,0.0,0.0,0.5,1.5,,holmeda01
430,Tyus Jones,29,ORL,PG,14,1,12.7,0.6,2.5,.257,0.1,1.4,.105,0.5,1.1,.438,.286,0.0,0.0,,0.2,0.7,0.9,1.4,0.7,0.1,0.4,0.6,1.4,,jonesty01
431,Caleb Martin,30,DAL,SF,12,0,9.3,0.4,1.5,.278,0.1,0.5,.167,0.3,1.0,.333,.306,0.4,0.5,.833,0.8,0.8,1.6,1.1,0.3,0.1,0.4,1.9,1.3,,martica02
432,Chris Youngblood,23,OKC,SG,12,0,5.3,0.3,1.2,.214,0.3,1.1,.231,0.0,0.1,.000,.321,0.5,0.5,1.000,0.2,0.3,0.5,0.2,0.1,0.0,0.0,0.8,1.3,,youngch01
433,Brooks Barnhizer,23,OKC,SG,12,0,8.0,0.5,1.1,.462,0.0,0.1,.000,0.5,1.0,.500,.462,0.2,0.3,.500,0.4,1.7,2.1,0.3,0.2,0.2,0.1,0.8,1.2,,barnhbr01
434,Mohamed Diawara,20,NYK,SF,6,0,2.5,0.5,0.7,.750,0.2,0.2,1.000,0.3,0.5,.667,.875,0.0,0.3,.000,0.0,0.2,0.2,0.2,0.0,0.0,0.2,0.3,1.2,,diawamo01
435,Tyson Etienne,26,BRK,PG,5,0,5.0,0.4,2.2,.182,0.4,2.0,.200,0.0,0.2,.000,.273,0.0,0.0,,0.0,0.0,0.0,0.0,0.0,0.0,0.0,0.6,1.2,,etienty01
436,Jae'Sean Tate,30,HOU,SF,7,0,5.6,0.6,1.6,.364,0.0,0.4,.000,0.6,1.1,.500,.364,0.0,0.0,,0.1,0.7,0.9,0.1,0.1,0.0,0.1,0.9,1.1,,tateja01
437,Ariel Hukporti,23,NYK,C,8,2,7.0,0.5,1.0,.500,0.0,0.0,,0.5,1.0,.500,.500,0.0,0.0,,0.9,1.3,2.1,0.6,0.1,0.3,0.6,1.1,1.0,,hukpoar01
438,Isaac Jones,25,SAC,PF,3,1,5.7,0.3,0.7,.500,0.0,0.3,.000,0.3,0.3,1.000,.500,0.3,0.7,.500,0.7,0.0,0.7,0.3,0.0,0.0,0.0,1.3,1.0,,jonesis01
439,Johnny Juzang,24,MIN,SG,6,0,3.0,0.3,1.2,.286,0.2,0.8,.200,0.2,0.3,.500,.357,0.2,0.3,.500,0.2,0.3,0.5,0.2,0.0,0.0,0.2,0.3,1.0,,juzanjo01
440,Mason Plumlee,35,CHO,C,6,0,5.0,0.3,0.3,1.000,0.0,0.0,,0.3,0.3,1.000,1.000,0.3,0.7,.500,0.2,0.7,0.8,0.3,0.0,0.0,0.3,0.2,1.0,,plumlma01
441,Jericho Sims,27,MIL,C,9,0,6.8,0.3,0.4,.750,0.0,0.0,,0.3,0.4,.750,.750,0.3,0.4,.750,0.8,1.0,1.8,0.3,0.1,0.2,0.4,0.7,1.0,,simsje01
442,Amari Williams,24,BOS,PF,2,0,3.5,0.5,1.0,.500,0.0,0.0,,0.5,1.0,.500,.500,0.0,0.0,,0.5,0.5,1.0,0.5,0.5,0.0,0.0,0.5,1.0,,william01
443,Danny Wolf,21,BRK,PF,2,0,3.0,0.0,0.5,.000,0.0,0.0,,0.0,0.5,.000,.000,1.0,1.0,1.000,0.0,1.0,1.0,1.0,0.0,0.0,0.0,0.0,1.0,,wolfda01
444,Jahmir Young,25,MIA,PG,2,0,5.0,0.5,1.5,.333,0.0,0.5,.000,0.5,1.0,.500,.333,0.0,0.0,,0.0,0.5,0.5,1.0,0.0,0.0,0.5,1.0,1.0,,youngja05
445,AJ Johnson,21,WAS,SG,8,0,4.8,0.3,1.4,.182,0.0,0.3,.000,0.3,1.1,.222,.182,0.4,0.5,.750,0.3,0.4,0.6,0.5,0.0,0.0,0.1,0.4,0.9,,johnsaj01
446,Jonathan Mogbo,24,TOR,PF,7,0,5.0,0.4,0.9,.500,0.0,0.0,,0.4,0.9,.500,.500,0.0,0.0,,0.4,0.9,1.3,0.6,0.1,0.3,0.1,0.6,0.9,,mogbojo01
447,Rayan Rupert,21,POR,SG,7,0,5.7,0.3,1.3,.222,0.1,0.9,.167,0.1,0.4,.333,.278,0.1,0.3,.500,0.1,1.0,1.1,0.3,0.3,0.0,0.1,1.0,0.9,,ruperra01
448,Pacome Dadiet,20,NYK,SG,5,0,2.8,0.2,0.8,.250,0.0,0.2,.000,0.2,0.6,.333,.250,0.4,0.4,1.000,0.0,0.6,0.6,0.4,0.0,0.0,0.0,0.2,0.8,,dadiepa01
449,N'Faly Dante,24,ATL,C,4,0,3.8,0.3,1.0,.250,0.0,0.0,,0.3,1.0,.250,.250,0.3,0.3,1.000,0.8,1.0,1.8,0.0,0.5,0.0,0.3,0.3,0.8,,nfalyda01
450,Hunter Sallis,22,PHI,SG,3,0,2.3,0.3,0.3,1.000,0.0,0.0,,0.3,0.3,1.000,1.000,0.0,0.0,,0.0,0.3,0.3,0.3,0.0,0.0,0.7,0.3,0.7,,sallihu01
451,Thanasis Antetokounmpo,33,MIL,SF,4,0,2.3,0.3,0.5,.500,0.0,0.0,,0.3,0.5,.500,.500,0.0,0.0,,0.0,0.3,0.3,0.0,0.3,0.5,0.0,0.3,0.5,,antetth01
452,Jase Richardson,20,ORL,SG,7,0,4.3,0.1,0.7,.200,0.0,0.4,.000,0.1,0.3,.500,.200,0.1,0.3,.500,0.0,0.1,0.1,0.9,0.0,0.0,0.4,0.1,0.4,,richaja02
453,Bismack Biyombo,33,SAS,C,6,0,7.7,0.2,0.3,.500,0.0,0.0,,0.2,0.3,.500,.500,0.0,0.0,,0.3,0.7,1.0,0.3,0.5,0.2,0.3,1.5,0.3,,biyombi01
454,Jahmyl Telfort,24,LAC,PF,3,0,5.3,0.0,0.7,.000,0.0,0.7,.000,0.0,0.0,,.000,0.3,1.3,.250,0.0,0.7,0.7,0.3,0.0,0.0,0.3,0.7,0.3,,telfoja01
455,Jamal Cain,26,ORL,SF,1,0,0.0,0.0,0.0,,0.0,0.0,,0.0,0.0,,,0.0,0.0,,0.0,0.0,0.0,0.0,0.0,0.0,0.0,0.0,0.0,,cainja01
456,Sharife Cooper,24,WAS,PG,2,0,2.0,0.0,0.0,,0.0,0.0,,0.0,0.0,,,0.0,0.0,,0.0,0.0,0.0,0.0,0.0,0.0,0.5,0.0,0.0,,coopesh01
457,Joe Ingles,38,MIN,SF,4,0,4.0,0.0,0.5,.000,0.0,0.5,.000,0.0,0.0,,.000,0.0,0.0,,0.0,0.0,0.0,1.3,0.0,0.0,0.0,0.5,0.0,,inglejo01
458,Andre Jackson Jr.,24,MIL,SG,6,0,3.7,0.0,0.3,.000,0.0,0.2,.000,0.0,0.2,.000,.000,0.0,0.0,,0.2,0.2,0.3,1.0,0.3,0.2,0.3,0.5,0.0,,jacksan01
459,Trey Jemison,26,NYK,C,1,0,8.0,0.0,0.0,,0.0,0.0,,0.0,0.0,,,0.0,0.0,,1.0,1.0,2.0,0.0,0.0,0.0,0.0,0.0,0.0,,jemistr01
460,Miles Kelly,23,DAL,PG,1,0,2.0,0.0,0.0,,0.0,0.0,,0.0,0.0,,,0.0,0.0,,0.0,0.0,0.0,0.0,0.0,0.0,1.0,1.0,0.0,,kellymi02
461,Christian Koloko,25,LAL,C,2,0,3.0,0.0,0.0,,0.0,0.0,,0.0,0.0,,,0.0,0.0,,0.0,0.5,0.5,0.0,0.0,0.0,0.0,0.5,0.0,,kolokch01
462,Chris Mañon,24,LAL,SG,2,0,3.5,0.0,0.5,.000,0.0,0.5,.000,0.0,0.0,,.000,0.0,0.0,,0.0,1.0,1.0,0.0,0.0,0.5,0.0,1.0,0.0,,manonch01
463,Jared McCain,21,PHI,SG,3,0,10.3,0.0,3.0,.000,0.0,0.7,.000,0.0,2.3,.000,.000,0.0,0.0,,0.0,0.7,0.7,1.3,0.3,0.0,0.3,1.3,0.0,,mccaija01
464,Orlando Robinson,25,ORL,C,1,0,2.0,0.0,0.0,,0.0,0.0,,0.0,0.0,,,0.0,0.0,,0.0,0.0,0.0,0.0,0.0,0.0,0.0,1.0,0.0,,robinor01
465,Garrett Temple,39,TOR,SG,2,0,3.0,0.0,0.5,.000,0.0,0.5,.000,0.0,0.0,,.000,0.0,0.0,,0.0,0.0,0.0,0.0,0.0,0.5,0.0,0.0,0.0,,templga01
466,Hunter Tyson,25,DEN,PF,5,0,3.4,0.0,1.4,.000,0.0,0.8,.000,0.0,0.6,.000,.000,0.0,0.0,,0.2,1.8,2.0,0.0,0.2,0.0,0.0,0.4,0.0,,tysonhu01
,League Average,,,,,,,,,.468,,,.359,,,.546,.543,,,.792,,,,,,,,,,,-9999