Rk,Player,Age,Team,Pos,G,GS,MP,PER,TS%,3PAr,FTr,ORB%,DRB%,TRB%,AST%,STL%,BLK%,TOV%,USG%,OWS,DWS,WS,WS/48,OBPM,DBPM,BPM,VORP,Awards,Player-additional
1,Devin Booker,29,PHO,SG,14,14,501,21.2,.614,.296,.386,3.4,9.5,6.5,32.3,1.1,0.8,14.7,31.7,1.3,0.3,1.6,.157,3.7,-2.1,1.7,0.5,,bookede01
2,Franz Wagner,24,ORL,SF,14,14,501,19.0,.587,.304,.457,5.9,13.4,9.8,17.7,1.5,1.0,9.5,25.7,1.0,0.6,1.6,.156,2.4,-0.1,2.3,0.5,,wagnefr01
3,Tyrese Maxey,25,PHI,PG,12,12,484,23.4,.597,.393,.339,0.9,13.0,6.9,32.1,1.7,1.9,8.5,30.2,1.6,0.5,2.0,.201,6.0,0.3,6.3,1.0,,maxeyty01
4,Cooper Flagg,19,DAL,PG,14,14,478,12.6,.526,.293,.234,3.6,16.8,10.3,14.9,1.9,1.9,13.4,20.9,-0.3,0.8,0.5,.049,-2.8,0.7,-2.2,0.0,,flaggco01
5,DeMar DeRozan,36,SAC,PF,14,14,476,15.9,.585,.167,.308,1.6,9.6,5.4,15.7,1.6,0.4,5.9,21.1,0.7,0.1,0.8,.078,0.1,-1.3,-1.2,0.1,,derozde01
6,Shai Gilgeous-Alexander,27,OKC,PG,14,14,470,32.9,.652,.282,.429,1.2,14.6,8.2,35.9,2.0,2.9,6.2,34.2,2.5,1.1,3.6,.366,9.8,3.4,13.2,1.8,,gilgesh01
7,Lauri Markkanen,28,UTA,PF,13,13,470,23.0,.621,.450,.329,6.7,11.5,9.1,10.7,1.2,1.5,5.3,29.2,1.5,0.2,1.7,.173,6.8,-1.8,5.0,0.8,,markkla01
8,Trey Murphy III,25,NOP,SF,13,13,465,17.3,.598,.518,.241,4.8,17.8,10.7,15.2,1.9,0.5,11.1,22.0,0.7,0.1,0.8,.087,2.1,-1.5,0.6,0.3,,murphtr02
9,Derrick White,31,BOS,SG,14,14,461,15.9,.479,.560,.185,2.9,10.1,6.4,23.1,2.6,3.7,6.8,23.0,0.4,0.6,1.0,.106,1.4,1.3,2.7,0.6,,whitede01
10,Dyson Daniels,22,ATL,SG,14,14,459,12.2,.499,.115,.186,5.6,13.1,9.5,23.2,3.3,1.2,19.2,13.9,0.1,0.8,0.8,.088,-2.8,2.3,-0.5,0.2,,daniedy01
11,Desmond Bane,27,ORL,SG,14,14,455,12.1,.539,.344,.226,3.8,10.7,7.3,21.5,0.6,0.9,13.3,22.9,0.2,0.4,0.6,.062,-1.5,-1.0,-2.5,-0.1,,banede01
12,Miles Bridges,27,CHO,PF,13,13,455,17.6,.573,.529,.278,3.1,19.2,11.3,17.9,0.7,1.0,7.1,24.7,1.0,0.2,1.2,.122,2.7,-1.5,1.2,0.4,,bridgmi02
13,Toumani Camara,25,POR,PF,13,13,450,9.4,.522,.597,.146,5.7,11.2,8.3,11.3,1.5,1.2,14.5,15.8,0.1,0.2,0.3,.031,-1.8,-1.1,-2.9,-0.1,,camarto01
14,Rui Hachimura,27,LAL,PF,13,13,450,13.5,.686,.380,.219,2.5,10.0,6.4,5.2,1.0,0.7,9.6,15.9,0.7,0.3,1.0,.107,0.6,-1.5,-0.9,0.1,,hachiru01
15,Jaylen Brown,29,BOS,SF,14,14,449,21.8,.587,.271,.282,3.0,16.2,9.4,22.9,1.2,1.1,12.1,35.1,0.7,0.5,1.2,.123,3.9,-0.4,3.5,0.6,,brownja02
16,VJ Edgecombe,20,PHI,SG,12,12,448,11.7,.512,.391,.183,5.6,11.1,8.4,15.6,1.7,1.0,11.6,19.2,0.2,0.4,0.5,.059,-1.6,-0.4,-2.0,0.0,,edgecvj01
17,Payton Pritchard,28,BOS,PG,14,14,447,16.2,.569,.586,.188,3.0,10.4,6.6,22.5,1.2,0.0,8.2,20.8,0.9,0.4,1.3,.141,1.6,-0.6,1.0,0.3,,pritcpa01
18,Keyonte George,22,UTA,PG,13,13,447,16.6,.567,.393,.464,2.1,10.2,6.1,32.4,1.4,0.9,14.5,26.9,0.7,0.2,0.8,.090,1.3,-1.6,-0.3,0.2,,georgke01
19,Deni Avdija,25,POR,SF,13,13,443,20.2,.635,.398,.466,4.0,18.0,10.5,22.0,0.7,2.2,15.0,28.0,1.0,0.3,1.3,.143,4.0,-0.7,3.3,0.6,,avdijde01
20,Evan Mobley,24,CLE,PF,13,13,443,18.4,.557,.337,.411,8.3,20.9,14.2,18.1,1.8,4.4,12.5,23.3,0.5,0.7,1.1,.124,1.6,1.1,2.7,0.5,,mobleev01
21,Alperen Şengün,23,HOU,C,12,12,442,22.5,.573,.188,.436,10.0,21.0,15.7,29.1,1.7,2.6,14.2,26.2,1.2,0.6,1.9,.205,5.0,1.3,6.3,0.9,,sengual01
22,Julius Randle,31,MIN,PF,13,13,437,25.6,.660,.303,.427,5.1,18.7,12.2,29.0,1.9,0.6,11.9,27.7,1.7,0.5,2.2,.243,6.2,0.9,7.0,1.0,,randlju01
23,Ryan Rollins,23,MIL,PG,14,13,436,17.8,.636,.405,.173,2.9,10.6,6.8,24.6,2.6,0.6,15.1,21.8,0.8,0.4,1.1,.126,1.2,-0.1,1.1,0.3,,rolliry01
24,Kevin Durant,37,HOU,SF,12,12,433,19.8,.634,.267,.432,1.1,13.0,7.2,14.2,1.4,1.8,12.8,26.7,1.2,0.4,1.6,.180,2.6,-0.5,2.1,0.4,,duranke01
25,James Harden,36,LAC,PG,12,12,433,23.9,.645,.559,.450,1.9,18.0,10.2,41.4,1.3,1.1,16.0,29.5,1.4,0.2,1.6,.181,6.4,-0.8,5.6,0.8,,hardeja01
26,Jimmy Butler,36,GSW,SF,14,14,431,23.8,.666,.205,.660,7.9,11.8,9.8,24.9,2.6,0.9,9.9,21.9,1.8,0.6,2.3,.259,4.9,1.2,6.1,0.9,,butleji01
27,Brandon Ingram,28,TOR,SF,13,13,431,16.3,.583,.274,.299,2.1,17.6,10.0,16.8,1.3,1.8,12.3,25.3,0.3,0.5,0.8,.092,0.0,-0.4,-0.4,0.2,,ingrabr01
28,Devin Vassell,25,SAS,SG,13,13,430,10.2,.529,.588,.144,1.4,10.5,6.2,9.8,1.6,0.4,8.1,18.3,0.1,0.5,0.6,.071,-2.3,-0.5,-2.8,-0.1,,vassede01
29,Max Christie,22,DAL,SG,14,11,428,12.5,.640,.638,.185,0.2,11.8,6.1,13.4,0.9,1.5,9.6,15.2,0.5,0.5,1.0,.109,-0.2,0.3,0.0,0.2,,chrisma02
30,Andrew Wiggins,30,MIA,SF,13,13,428,14.3,.593,.373,.198,5.4,9.7,7.7,11.9,1.6,2.6,13.1,21.1,0.2,0.4,0.6,.067,0.1,0.0,0.0,0.2,,wiggian01
31,Brandin Podziemski,22,GSW,SG,15,7,426,13.1,.576,.510,.196,1.6,16.8,9.0,16.7,2.1,1.1,10.9,17.3,0.3,0.6,0.9,.103,-1.4,0.8,-0.6,0.2,,podzibr01
32,Dennis Schröder,32,SAC,PG,14,12,426,11.4,.496,.395,.160,1.0,12.9,6.7,27.4,1.7,0.7,13.5,19.8,-0.2,0.1,-0.1,-0.006,-1.8,-1.3,-3.2,-0.1,,schrode01
33,Amen Thompson,23,HOU,SF,12,12,426,16.1,.534,.171,.318,7.3,11.7,9.6,20.1,1.7,1.4,12.2,21.3,0.7,0.4,1.2,.130,0.4,-0.4,0.1,0.2,,thompam01
34,Kon Knueppel,20,CHO,SF,13,12,424,13.3,.609,.604,.189,2.2,18.2,10.4,13.1,1.0,0.6,14.9,21.1,0.3,0.2,0.5,.056,0.1,-1.5,-1.4,0.1,,knuepko01
35,Scottie Barnes,24,TOR,PF,13,13,422,21.5,.592,.262,.246,6.4,20.0,13.4,23.4,2.1,5.2,10.4,24.1,0.8,0.7,1.6,.177,3.1,2.4,5.4,0.8,,barnesc01
36,Pascal Siakam,31,IND,PF,12,12,420,18.2,.538,.263,.414,4.7,17.2,10.4,27.5,1.6,0.9,9.6,29.2,0.3,0.3,0.6,.068,2.5,-0.7,1.8,0.4,,siakapa01
37,Wendell Carter Jr.,26,ORL,C,14,14,419,14.2,.657,.364,.464,11.5,15.7,13.7,8.8,1.0,2.6,18.5,16.4,0.6,0.5,1.1,.131,-0.8,0.4,-0.5,0.2,,cartewe01
38,Duncan Robinson,31,DET,SF,13,13,418,11.1,.636,.756,.176,1.3,8.1,4.7,7.2,1.1,1.2,5.9,13.3,0.7,0.4,1.1,.129,-0.4,0.0,-0.4,0.2,,robindu01
39,Kelly Oubre Jr.,30,PHI,SF,12,12,418,13.7,.606,.450,.255,3.7,12.4,8.0,5.5,1.5,2.2,9.8,18.3,0.5,0.4,0.8,.096,-0.6,-0.3,-0.9,0.1,,oubreke01
40,Grayson Allen,30,PHO,SG,13,13,417,17.8,.638,.659,.197,1.6,9.2,5.4,19.6,2.4,0.9,10.9,21.2,1.0,0.4,1.4,.159,2.9,-0.1,2.8,0.5,,allengr01
41,Mikal Bridges,29,NYK,SF,12,12,417,18.1,.612,.500,.139,3.7,11.0,7.1,19.4,2.8,2.8,6.7,16.1,1.1,0.5,1.6,.186,2.8,2.2,5.0,0.7,,bridgmi01
42,Stephon Castle,21,SAS,PG,13,13,416,17.4,.585,.323,.548,5.8,14.8,10.5,33.7,2.6,1.2,21.3,24.9,0.4,0.7,1.1,.127,-0.2,0.8,0.6,0.3,,castlst01
43,Victor Wembanyama,22,SAS,C,12,12,416,25.6,.609,.262,.380,7.0,34.6,21.5,18.7,1.5,9.9,14.3,30.7,0.7,1.1,1.8,.204,2.7,3.5,6.2,0.9,,wembavi01
44,Royce O'Neale,32,PHO,SF,14,10,413,13.1,.626,.817,.048,4.1,17.0,10.6,14.0,2.0,0.5,14.0,15.1,0.5,0.5,1.0,.117,0.9,0.0,0.9,0.3,,onealro01
45,Myles Turner,29,MIL,C,14,14,412,14.3,.579,.582,.216,4.7,18.7,11.8,8.3,1.9,5.5,11.5,17.4,0.2,0.5,0.7,.086,-0.5,0.5,0.0,0.2,,turnemy01
46,Jaden McDaniels,25,MIN,PF,13,13,412,16.7,.644,.268,.201,4.0,11.6,8.0,10.7,1.4,3.8,11.9,20.9,0.7,0.4,1.1,.125,0.3,0.2,0.6,0.3,,mcdanja02
47,Zach LaVine,30,SAC,SG,12,12,412,16.3,.657,.489,.283,0.5,11.3,5.7,10.3,0.8,0.4,10.4,23.6,0.6,0.0,0.6,.069,2.0,-2.4,-0.4,0.2,,lavinza01
48,Onyeka Okongwu,25,ATL,C,14,5,411,17.7,.633,.411,.344,6.8,21.7,14.5,12.2,1.5,3.4,11.2,20.1,0.7,0.7,1.4,.160,0.3,0.6,0.9,0.3,,okongon01
49,Rudy Gobert,33,MIN,C,13,13,410,15.2,.725,.000,.513,10.5,22.8,17.0,5.5,0.7,5.3,19.1,11.9,0.6,0.6,1.2,.138,-1.2,0.6,-0.6,0.1,,goberru01
50,Nikola Jokić,30,DEN,C,12,12,410,38.3,.769,.281,.375,10.5,30.3,21.1,52.4,2.6,2.1,14.8,27.1,2.9,0.9,3.8,.449,13.4,6.8,20.2,2.3,,jokicni01
51,RJ Barrett,25,TOR,SF,13,13,409,17.2,.598,.376,.290,3.0,14.6,8.9,18.4,1.3,0.9,9.1,23.8,0.6,0.4,1.1,.126,1.5,-0.6,1.0,0.3,,barrerj01
52,Immanuel Quickley,26,TOR,PG,13,13,408,16.4,.589,.513,.263,2.2,12.7,7.6,26.7,1.9,0.0,11.2,20.2,0.7,0.4,1.1,.135,1.6,0.0,1.6,0.4,,quickim01
53,Ivica Zubac,28,LAC,C,13,13,407,20.2,.654,.000,.280,12.4,26.6,19.7,12.0,0.9,3.4,15.3,20.6,0.8,0.3,1.1,.134,0.9,-1.0,-0.1,0.2,,zubaciv01
54,Donovan Mitchell,29,CLE,SG,12,12,407,24.6,.646,.519,.370,2.3,12.9,7.3,27.6,2.1,1.4,12.4,32.0,1.2,0.5,1.6,.192,7.1,0.5,7.6,1.0,,mitchdo01
55,Cade Cunningham,24,DET,PG,11,11,407,20.7,.538,.300,.354,3.1,12.2,7.7,42.4,1.8,2.2,12.5,32.1,0.7,0.6,1.3,.149,3.9,0.3,4.3,0.6,,cunnica01
56,P.J. Washington,27,DAL,PF,13,13,405,12.3,.535,.354,.373,3.9,21.1,12.7,11.7,1.4,3.1,16.4,22.7,-0.5,0.7,0.2,.025,-3.1,0.4,-2.7,-0.1,,washipj01
57,Jake LaRavia,24,LAL,PF,14,6,403,12.3,.573,.413,.330,5.9,12.3,9.3,11.2,2.5,1.0,12.6,15.3,0.3,0.5,0.8,.093,-1.4,0.4,-1.0,0.1,,laravja01
58,Jaren Jackson Jr.,26,MEM,C,14,14,402,14.1,.592,.335,.363,3.4,16.1,9.6,8.1,0.8,4.4,12.1,24.7,0.1,0.4,0.4,.052,-1.7,-0.1,-1.8,0.0,,jacksja02
59,Isaiah Hartenstein,27,OKC,C,14,14,401,21.2,.698,.027,.292,13.5,28.2,21.2,15.6,2.2,2.1,19.0,17.0,1.0,1.1,2.1,.250,1.1,2.3,3.5,0.6,,harteis01
60,Giannis Antetokounmpo,31,MIL,PF,12,12,401,34.8,.663,.076,.542,13.1,24.7,19.0,39.8,1.3,3.4,12.5,36.4,1.9,0.5,2.4,.290,9.3,2.0,11.3,1.3,,antetgi01
61,Jrue Holiday,35,POR,PG,12,12,401,17.0,.565,.512,.151,4.1,13.7,8.6,35.5,2.2,0.7,16.5,20.9,0.6,0.3,0.9,.110,2.7,-0.4,2.3,0.4,,holidjr01
62,Russell Westbrook,37,SAC,SF,14,8,399,15.5,.552,.454,.264,6.5,20.2,13.1,32.9,1.6,0.5,19.8,24.0,0.0,0.2,0.2,.021,1.8,-0.8,0.9,0.3,,westbru01
63,Donte DiVincenzo,29,MIN,SG,13,13,399,14.4,.611,.754,.269,3.5,10.1,7.0,15.2,1.7,1.4,11.3,18.0,0.7,0.3,1.0,.122,1.2,-0.1,1.1,0.3,,divindo01
64,Austin Reaves,27,LAL,SG,11,11,399,24.4,.639,.462,.533,2.2,13.8,8.3,36.1,1.8,0.2,13.2,30.2,1.4,0.4,1.8,.212,5.4,-0.3,5.1,0.7,,reaveau01
65,Davion Mitchell,27,MIA,PG,13,13,398,12.8,.573,.371,.181,1.7,7.5,4.8,30.9,2.2,0.2,16.3,13.9,0.6,0.3,0.9,.108,-1.2,0.9,-0.3,0.2,,mitchda01
66,Herbert Jones,27,NOP,SF,13,13,397,8.8,.531,.513,.165,3.1,10.7,6.5,11.5,2.2,0.8,14.5,15.3,-0.1,0.1,0.0,.000,-3.8,-1.0,-4.8,-0.3,,joneshe01
67,Karl-Anthony Towns,30,NYK,C,12,12,397,21.3,.583,.365,.418,9.5,33.5,20.6,14.7,1.5,2.9,11.8,26.2,0.9,0.6,1.5,.177,1.9,0.3,2.2,0.4,,townska01
68,Ajay Mitchell,23,OKC,SG,14,5,396,18.2,.563,.285,.269,3.1,11.8,7.7,20.4,3.1,1.0,10.7,25.4,0.4,0.9,1.4,.166,-0.1,1.9,1.8,0.4,,mitchaj01
69,Deandre Ayton,27,LAL,C,13,13,395,17.6,.693,.000,.147,11.7,20.5,16.3,5.0,1.1,3.0,18.7,20.4,0.4,0.5,0.9,.106,-1.3,-1.2,-2.5,0.0,,aytonde01
70,Jalen Johnson,24,ATL,SF,12,12,395,23.5,.662,.198,.331,4.3,26.6,15.8,30.5,2.5,0.7,15.4,24.9,0.9,0.8,1.7,.205,3.6,2.1,5.7,0.8,,johnsja05
71,Draymond Green,35,GSW,PF,14,14,394,7.7,.489,.578,.167,3.6,19.9,11.6,28.3,1.3,2.3,29.1,16.6,-0.5,0.5,0.1,.009,-4.2,1.3,-2.9,-0.1,,greendr01
72,Paolo Banchero,23,ORL,PF,12,12,393,19.1,.573,.247,.624,3.2,25.6,14.7,20.4,1.1,2.4,12.4,27.8,0.5,0.6,1.1,.132,1.4,1.0,2.4,0.4,,banchpa01
73,Jaime Jaquez Jr.,24,MIA,SF,13,0,392,18.5,.589,.148,.320,4.8,19.2,12.4,24.5,1.0,0.9,10.2,22.4,0.7,0.4,1.2,.144,1.5,0.8,2.2,0.4,,jaqueja01
74,Michael Porter Jr.,27,BRK,SF,12,12,390,19.8,.598,.486,.248,3.5,25.7,13.8,19.5,1.0,0.5,10.4,29.4,0.5,0.1,0.6,.076,3.9,-1.8,2.1,0.4,,portemi01
75,Harrison Barnes,33,SAS,PF,13,13,386,13.5,.740,.688,.240,2.5,8.0,5.4,9.3,1.8,1.0,15.2,13.7,0.7,0.4,1.2,.144,0.9,0.4,1.2,0.3,,barneha02
76,Gary Trent Jr.,27,MIL,SG,14,12,384,9.3,.538,.699,.146,0.3,6.0,3.2,10.0,1.9,0.2,6.4,15.8,0.1,0.2,0.3,.039,-2.8,-1.1,-3.9,-0.2,,trentga02
77,CJ McCollum,34,WAS,SG,13,13,384,12.9,.532,.500,.244,2.4,8.8,5.6,16.8,1.2,0.7,8.7,23.6,0.1,-0.1,0.0,.004,-0.6,-3.1,-3.7,-0.2,,mccolcj01
78,A.J. Green,26,MIL,SG,14,14,382,10.8,.723,.927,.198,0.3,9.5,5.0,8.0,0.6,0.2,9.5,13.1,0.7,0.1,0.8,.098,-0.6,-1.7,-2.3,0.0,,greenaj01
79,Nic Claxton,26,BRK,C,13,13,382,22.0,.648,.049,.537,10.3,17.5,13.6,22.5,1.4,4.3,10.1,18.8,1.2,0.1,1.4,.171,2.9,0.6,3.5,0.5,,claxtni01
80,Nikola Vučević,35,CHI,C,12,12,380,17.5,.600,.344,.162,7.4,25.6,17.0,16.2,1.0,1.3,11.3,20.4,0.5,0.4,0.9,.117,1.5,-0.3,1.2,0.3,,vucevni01
81,Jarace Walker,22,IND,PF,13,8,379,5.5,.408,.476,.231,2.2,18.1,9.5,16.3,0.9,1.7,15.2,20.4,-0.9,0.2,-0.7,-0.086,-5.4,-1.7,-7.1,-0.5,,walkeja02
82,Cason Wallace,22,OKC,SG,13,13,378,11.8,.550,.573,.115,3.3,8.2,5.9,12.3,3.8,1.1,12.2,13.1,0.2,0.9,1.1,.144,-2.5,3.6,1.1,0.3,,wallaca01
83,Alex Sarr,20,WAS,C,13,13,377,21.1,.578,.212,.201,8.5,20.4,14.5,21.1,1.1,6.4,13.1,26.1,0.3,0.2,0.5,.068,2.2,-0.2,2.1,0.4,,sarral01
84,Cedric Coward,22,MEM,SG,14,1,374,17.9,.628,.463,.373,6.4,17.9,12.0,17.9,1.5,1.5,9.8,19.1,0.8,0.4,1.1,.147,2.4,0.5,2.9,0.5,,cowarce01
85,Jamal Murray,28,DEN,PG,11,11,374,19.6,.574,.380,.234,2.2,13.6,8.3,26.8,1.9,0.8,10.9,26.9,0.7,0.6,1.3,.161,2.6,-0.2,2.4,0.4,,murraja01
86,OG Anunoby,28,NYK,PF,12,12,373,16.3,.601,.537,.170,5.2,15.1,9.8,9.8,3.0,2.3,12.2,19.7,0.4,0.5,0.9,.121,1.1,1.1,2.2,0.4,,anunoog01
87,Jalen Brunson,29,NYK,PG,11,11,373,21.4,.590,.367,.319,1.4,10.7,5.7,31.7,1.2,0.0,10.3,31.9,1.0,0.2,1.3,.164,4.4,-1.2,3.2,0.5,,brunsja01
88,Kyshawn George,22,WAS,SF,12,12,372,14.7,.631,.473,.233,2.0,18.2,10.1,22.6,1.4,2.5,19.5,22.3,0.1,0.1,0.3,.033,-0.2,-0.7,-0.9,0.1,,georgky01
89,Naji Marshall,28,DAL,SF,14,1,371,14.7,.601,.352,.546,3.4,15.8,9.7,13.7,2.3,0.0,8.8,16.6,0.6,0.6,1.1,.144,-1.4,1.4,0.0,0.2,,marshna01
90,Quentin Grimes,25,PHI,SG,12,0,371,14.5,.628,.548,.393,1.5,12.8,7.1,20.5,1.4,1.5,19.4,22.0,0.3,0.3,0.7,.085,0.2,-0.4,-0.2,0.2,,grimequ01
91,Luka Dončić,26,LAL,PG,10,10,371,29.2,.615,.487,.540,3.0,24.3,14.2,41.5,2.2,1.6,11.7,36.7,1.3,0.5,1.9,.240,8.7,1.6,10.3,1.2,,doncilu01
92,Anthony Black,22,ORL,PG,14,3,370,10.6,.555,.398,.309,2.2,10.2,6.3,13.8,2.1,2.3,17.7,19.4,-0.2,0.5,0.3,.041,-3.1,0.9,-2.2,0.0,,blackan01
93,Shaedon Sharpe,22,POR,SG,13,13,370,16.6,.535,.382,.290,5.3,15.5,10.1,11.7,2.4,0.7,12.1,32.7,-0.1,0.3,0.3,.033,0.3,-1.7,-1.4,0.1,,sharpsh01
94,Stephen Curry,37,GSW,PG,12,12,367,23.0,.633,.590,.330,0.9,12.9,6.8,22.6,2.2,1.3,11.0,33.7,0.8,0.5,1.2,.162,5.5,-0.2,5.3,0.7,,curryst01
95,Nickeil Alexander-Walker,27,ATL,SG,12,9,365,14.4,.574,.441,.360,2.5,7.5,5.1,16.6,1.7,2.8,14.3,25.1,0.1,0.4,0.5,.061,-0.3,-0.8,-1.1,0.1,,alexani01
96,Domantas Sabonis,29,SAC,C,11,11,365,17.3,.564,.138,.352,11.0,31.3,20.8,17.0,1.7,0.5,14.3,22.6,0.3,0.3,0.5,.069,-0.3,-0.7,-1.1,0.1,,sabondo01
97,Jabari Smith Jr.,22,HOU,PF,11,11,363,13.6,.571,.457,.178,4.2,17.0,10.8,6.6,1.2,2.4,7.3,17.0,0.6,0.4,1.0,.136,-0.1,-0.4,-0.6,0.1,,smithja05
98,Jerami Grant,31,POR,PF,13,1,362,17.3,.633,.444,.556,3.1,9.1,5.9,12.1,1.5,1.2,10.0,22.8,0.9,0.2,1.1,.148,2.0,-0.7,1.3,0.3,,grantje01
99,Jonathan Kuminga,23,GSW,PF,13,12,360,12.8,.570,.272,.353,6.4,20.8,13.5,16.2,0.7,1.0,18.2,22.6,0.0,0.4,0.4,.049,-2.5,-1.4,-3.9,-0.2,,kuminjo01
100,Santi Aldama,25,MEM,PF,14,0,358,15.6,.541,.430,.221,6.4,22.3,14.2,16.1,2.0,2.1,9.9,21.0,0.1,0.4,0.5,.069,0.4,0.6,1.0,0.3,,aldamsa01
101,Saddiq Bey,26,NOP,SF,13,7,358,14.5,.556,.526,.203,6.5,13.2,9.6,11.3,1.4,0.0,5.8,18.1,0.5,0.0,0.5,.066,1.6,-2.5,-0.9,0.1,,beysa01
102,Julian Champagnie,24,SAS,SF,13,8,357,11.0,.595,.766,.309,3.4,15.4,9.7,5.8,2.0,1.1,13.7,14.7,0.2,0.5,0.7,.094,-1.0,0.3,-0.7,0.1,,champju02
103,Jaylen Wells,22,MEM,SG,14,14,354,7.2,.464,.552,.157,5.0,10.0,7.5,9.0,1.1,0.0,7.7,18.1,-0.3,0.2,-0.1,-0.018,-4.2,-1.9,-6.2,-0.4,,wellsja01
104,Svi Mykhailiuk,28,UTA,SF,13,13,353,10.4,.611,.714,.061,3.0,7.1,5.0,11.0,0.9,0.8,8.2,12.6,0.4,0.1,0.5,.065,-0.6,-1.0,-1.6,0.0,,mykhasv01
105,Terance Mann,29,BRK,SG,13,13,352,12.6,.585,.396,.208,6.0,7.0,6.5,17.8,1.5,0.8,9.1,14.6,0.6,0.0,0.6,.076,-1.1,-1.1,-2.2,0.0,,mannte01
106,Bub Carrington,20,WAS,PG,13,5,349,5.1,.455,.459,.165,0.9,14.4,7.7,21.2,1.2,0.5,26.0,14.6,-0.6,0.0,-0.6,-0.079,-5.7,-2.1,-7.8,-0.5,,carrica01
107,Sion James,23,CHO,SG,13,8,349,9.9,.660,.569,.264,1.7,10.9,6.4,7.3,1.4,1.0,13.0,11.0,0.4,0.1,0.5,.070,-2.0,-0.3,-2.3,0.0,,jamessi01
108,Matas Buzelis,21,CHI,PF,12,12,349,13.4,.605,.404,.243,4.5,16.0,10.5,5.7,1.3,3.1,13.8,20.9,0.1,0.3,0.4,.060,-2.1,-0.8,-2.9,-0.1,,buzelma01
109,Josh Giddey,23,CHI,PG,10,10,349,20.7,.558,.271,.353,4.5,24.7,15.1,41.9,1.5,1.2,15.9,27.9,0.5,0.4,0.9,.119,3.0,0.6,3.6,0.5,,giddejo01
110,Ja Morant,26,MEM,PG,12,12,345,12.6,.477,.308,.354,1.8,11.2,6.4,44.2,1.6,0.3,16.6,32.4,-0.6,0.2,-0.3,-0.043,-2.6,-2.6,-5.2,-0.3,,moranja01
111,Neemias Queta,26,BOS,C,14,14,344,18.9,.620,.032,.290,13.3,22.5,17.8,9.8,1.6,5.6,11.0,14.5,0.8,0.6,1.4,.189,-0.4,1.3,1.0,0.3,,quetane01
112,Jeremiah Fears,19,NOP,PG,13,11,344,13.5,.521,.257,.210,3.2,10.2,6.4,18.8,3.4,0.3,15.3,26.4,-0.3,0.1,-0.2,-0.023,-2.7,-1.0,-3.7,-0.2,,fearsje01
113,Jock Landale,30,MEM,C,14,13,342,14.1,.636,.340,.223,9.4,14.2,11.8,11.0,1.2,1.7,12.4,15.6,0.5,0.3,0.7,.104,-0.4,-0.2,-0.6,0.1,,landajo01
114,Anfernee Simons,26,BOS,SG,14,0,342,12.5,.547,.589,.123,1.5,7.7,4.5,14.0,0.9,0.9,9.0,23.4,0.3,0.2,0.5,.071,0.0,-1.4,-1.4,0.1,,simonan01
115,Kyle Kuzma,30,MIL,PF,13,4,338,14.8,.598,.333,.318,2.7,16.0,9.4,9.1,1.4,2.2,10.4,21.0,0.3,0.3,0.6,.082,-1.9,-1.1,-3.0,-0.1,,kuzmaky01
116,Collin Gillespie,26,PHO,PG,14,0,337,15.5,.537,.680,.139,5.1,14.4,9.8,28.5,2.0,1.7,13.4,18.5,0.5,0.4,0.9,.129,2.1,0.0,2.1,0.3,,gilleco01
117,Aaron Nesmith,26,IND,SF,11,11,335,12.1,.518,.565,.265,4.8,10.8,7.5,8.2,1.3,0.8,4.6,20.8,0.2,0.2,0.4,.051,-0.4,-1.9,-2.3,0.0,,nesmiaa01
118,Ryan Dunn,23,PHO,SF,14,9,334,13.9,.562,.431,.127,9.9,14.2,12.1,10.2,2.2,2.8,11.5,15.2,0.4,0.4,0.8,.114,-0.7,0.2,-0.5,0.1,,dunnry01
119,Kris Dunn,31,LAC,PG,13,7,333,9.8,.567,.413,.240,4.0,7.5,5.8,12.3,3.0,1.2,18.6,13.6,0.0,0.2,0.2,.035,-4.0,0.5,-3.5,-0.1,,dunnkr01
120,Aaron Gordon,30,DEN,PF,11,11,333,20.5,.690,.422,.400,5.0,15.9,10.8,7.2,1.5,0.8,9.7,22.4,1.0,0.5,1.5,.211,4.0,-0.6,3.4,0.4,,gordoaa01
121,Tre Jones,26,CHI,PG,11,11,329,17.4,.609,.175,.536,3.1,10.8,7.1,24.6,3.3,0.5,13.1,17.5,0.7,0.4,1.0,.153,-0.3,1.8,1.5,0.3,,jonestr01
122,John Collins,28,LAC,PF,13,4,328,12.8,.589,.298,.215,6.6,14.4,10.6,4.4,1.8,2.1,16.4,21.4,-0.1,0.2,0.1,.015,-2.7,-1.8,-4.5,-0.2,,collijo01
123,Kentavious Caldwell-Pope,32,MEM,SG,14,13,327,9.2,.490,.465,.277,1.6,10.2,5.8,19.1,1.6,1.2,12.4,16.4,-0.1,0.2,0.1,.018,-3.4,-0.2,-3.6,-0.1,,caldwke01
124,Tre Johnson,19,WAS,SG,13,4,327,9.1,.539,.508,.106,2.2,11.0,6.6,8.1,0.6,1.6,12.6,20.1,-0.2,-0.1,-0.3,-0.047,-2.5,-3.4,-6.0,-0.3,,johnstr03
125,Donovan Clingan,21,POR,C,13,13,326,17.1,.558,.417,.167,18.4,21.2,19.7,6.2,1.3,4.9,8.0,13.6,0.7,0.3,1.0,.149,0.4,-1.1,-0.7,0.1,,clingdo01
126,Noah Clowney,21,BRK,PF,13,7,326,8.7,.524,.755,.449,3.2,15.6,8.9,10.3,1.2,1.4,15.2,18.0,-0.2,0.0,-0.1,-0.019,-2.9,-2.0,-4.9,-0.2,,clownno01
127,Ben Sheppard,24,IND,SG,13,5,326,5.2,.410,.551,.133,3.2,16.6,9.3,9.4,0.9,0.6,8.0,14.0,-0.3,0.2,-0.2,-0.025,-5.9,-1.2,-7.1,-0.4,,sheppbe01
128,Christian Braun,24,DEN,SG,11,11,325,12.7,.569,.289,.299,6.6,9.6,8.2,13.1,1.3,0.9,11.3,16.1,0.4,0.4,0.8,.122,-1.2,-0.5,-1.6,0.0,,braunch01
129,Tristan Da Silva,24,ORL,SF,14,2,324,15.9,.629,.580,.202,4.6,13.7,9.3,6.7,1.9,0.8,8.5,18.4,0.5,0.4,0.9,.136,2.2,0.5,2.7,0.4,,dasiltr01
130,Derrick Jones Jr.,28,LAC,SF,13,13,324,14.8,.652,.500,.304,4.1,7.0,5.6,6.5,1.7,4.6,8.7,15.6,0.5,0.1,0.7,.103,0.5,-0.4,0.2,0.2,,jonesde02
131,Marcus Smart,31,LAL,SG,11,9,321,10.3,.554,.598,.368,2.3,7.0,4.8,15.3,3.6,0.6,20.5,17.0,-0.1,0.4,0.3,.049,-3.7,1.1,-2.6,-0.1,,smartma01
132,De'Andre Hunter,28,CLE,SF,11,11,320,15.2,.564,.487,.318,2.2,16.1,8.8,16.0,1.2,0.9,9.3,24.4,0.4,0.3,0.7,.102,0.4,-0.5,-0.1,0.2,,huntede01
133,Kevin Huerter,27,CHI,SF,12,3,319,15.5,.597,.441,.228,3.2,13.3,8.5,15.9,1.8,3.1,12.5,20.9,0.3,0.3,0.6,.092,0.1,0.4,0.6,0.2,,huertke01
134,Jalen Duren,22,DET,C,11,11,319,26.4,.705,.000,.613,16.5,27.2,21.9,8.7,1.8,4.0,15.2,22.7,1.1,0.7,1.7,.262,3.4,0.6,4.0,0.5,,durenja01
135,Ryan Kalkbrenner,24,CHO,C,12,12,318,19.3,.830,.015,.258,15.1,14.5,14.8,2.3,1.8,7.5,21.4,12.2,0.7,0.4,1.0,.154,0.3,0.9,1.2,0.3,,kalkbry01
136,Naz Reid,26,MIN,C,13,0,316,14.2,.542,.531,.146,5.9,19.2,12.8,11.9,2.0,3.5,11.5,21.0,0.1,0.4,0.5,.080,-1.0,0.5,-0.5,0.1,,reidna01
137,Moses Moody,23,GSW,SG,13,5,315,15.4,.640,.717,.258,2.1,11.0,6.4,9.3,1.8,3.2,10.1,20.0,0.4,0.4,0.8,.124,1.5,-0.1,1.4,0.3,,moodymo01
138,Jusuf Nurkić,31,UTA,C,13,8,314,11.5,.433,.255,.351,9.7,32.8,21.1,21.0,3.5,1.9,24.4,18.5,-0.5,0.5,0.0,.000,-4.8,2.1,-2.8,-0.1,,nurkiju01
139,Collin Sexton,27,CHO,SG,12,9,314,15.0,.622,.352,.432,1.1,8.9,5.1,29.2,1.4,0.0,19.5,24.5,0.4,0.1,0.5,.074,-0.4,-2.2,-2.6,-0.1,,sextoco01
140,Norman Powell,32,MIA,SG,10,10,313,21.1,.665,.445,.445,1.1,11.7,6.7,11.2,1.7,0.6,10.1,28.5,0.8,0.3,1.0,.161,4.3,-0.3,3.9,0.5,,powelno01
141,Kel'el Ware,21,MIA,C,13,10,312,18.2,.610,.333,.229,11.9,26.6,19.7,3.8,1.9,5.3,10.1,16.8,0.4,0.6,1.0,.157,0.5,0.5,1.0,0.2,,wareke01
142,Jarrett Allen,27,CLE,C,12,12,311,21.8,.634,.033,.496,9.5,23.5,16.1,10.4,2.1,3.3,11.4,21.6,0.7,0.5,1.2,.184,1.5,0.7,2.2,0.3,,allenja01
143,Isaac Okoro,25,CHI,SG,12,12,310,8.7,.572,.468,.215,5.4,6.9,6.2,9.6,0.9,2.4,14.8,13.7,0.2,0.2,0.3,.049,-3.0,-0.9,-3.9,-0.1,,okorois01
144,Ron Holland,20,DET,SF,13,4,309,9.4,.485,.395,.193,4.1,13.0,8.5,10.4,3.5,0.9,16.3,19.5,-0.3,0.6,0.2,.038,-5.2,1.5,-3.7,-0.1,,hollaro01
145,D'Angelo Russell,29,DAL,PG,14,3,308,12.5,.486,.461,.355,2.1,11.4,6.8,36.2,1.2,0.5,15.0,28.1,-0.4,0.3,0.0,-0.002,-1.5,-1.7,-3.2,-0.1,,russeda01
146,Mark Williams,24,PHO,C,12,9,305,20.0,.657,.000,.420,12.7,24.9,18.8,5.1,2.4,3.4,8.8,15.7,0.8,0.5,1.3,.206,0.4,0.0,0.4,0.2,,willima07
147,Sam Hauser,28,BOS,PF,14,2,301,7.6,.465,.885,.042,3.5,12.8,8.0,7.7,1.2,1.3,9.3,15.2,-0.1,0.3,0.2,.031,-2.2,-0.9,-3.0,-0.1,,hausesa01
148,Keldon Johnson,26,SAS,SF,13,0,301,18.4,.624,.269,.250,12.5,17.9,15.3,10.6,1.6,0.3,7.2,17.5,0.8,0.4,1.2,.194,1.6,-0.1,1.5,0.3,,johnske04
149,Moussa Diabaté,24,CHO,C,13,1,300,22.4,.698,.000,.680,20.7,19.1,19.9,6.4,1.4,5.0,9.3,14.9,1.1,0.3,1.4,.219,2.1,-0.6,1.5,0.3,,diabamo01
150,Zaccharie Risacher,20,ATL,SF,12,12,297,14.0,.568,.453,.148,2.6,8.9,5.8,8.9,2.2,2.2,6.8,20.8,0.1,0.4,0.5,.081,-1.2,-0.3,-1.5,0.0,,risacza01
151,Chet Holmgren,23,OKC,PF,10,10,296,21.8,.696,.347,.398,5.7,23.5,15.0,9.3,1.1,4.5,13.2,23.3,0.7,0.7,1.5,.242,2.7,2.3,5.0,0.5,,holmgch01
152,Tre Mann,24,CHO,PG,13,1,295,8.2,.458,.490,.090,4.0,12.5,8.4,21.8,1.3,0.6,15.2,25.1,-0.4,0.1,-0.3,-0.051,-3.9,-2.3,-6.2,-0.3,,manntr01
153,Javonte Green,32,DET,SG,13,3,294,10.2,.497,.525,.388,4.7,13.3,9.0,7.3,2.1,2.3,9.6,14.4,0.1,0.5,0.5,.085,-2.6,0.8,-1.8,0.0,,greenja02
154,Ausar Thompson,23,DET,SF,10,10,291,16.7,.526,.113,.339,7.3,16.7,12.0,16.9,2.9,2.4,9.6,20.5,0.2,0.6,0.8,.128,-0.3,2.2,1.9,0.3,,thompau01
155,Derik Queen,21,NOP,C,13,1,290,15.4,.549,.095,.410,7.3,24.3,15.1,18.8,2.0,3.3,17.3,21.8,0.0,0.2,0.2,.038,-2.6,0.3,-2.3,0.0,,queende01
156,Bobby Portis,30,MIL,PF,14,0,286,12.4,.560,.376,.068,6.8,23.1,15.1,8.3,0.7,0.3,13.0,21.0,0.0,0.2,0.2,.033,-1.8,-2.6,-4.4,-0.2,,portibo01
157,Nikola Jović,22,MIA,PF,13,1,284,10.8,.534,.495,.368,3.9,17.0,10.8,18.1,1.4,2.0,18.5,19.5,-0.1,0.3,0.2,.038,-2.9,0.8,-2.1,0.0,,jovicni01
158,Dean Wade,29,CLE,PF,13,2,284,9.0,.512,.738,.185,4.3,12.9,8.4,7.6,1.5,2.3,5.4,10.6,0.2,0.3,0.5,.086,-2.2,0.7,-1.5,0.0,,wadede01
159,Jaylon Tyson,23,CLE,SG,11,7,284,14.1,.637,.578,.144,5.4,11.7,8.4,9.8,2.3,2.9,10.3,15.2,0.4,0.4,0.8,.138,0.1,1.4,1.5,0.3,,tysonja01
160,Sam Merrill,29,CLE,SG,11,7,283,13.8,.650,.849,.151,2.9,4.8,3.8,13.4,1.0,0.7,7.4,17.4,0.7,0.2,0.8,.140,1.8,-0.9,0.8,0.2,,merrisa01
161,Klay Thompson,35,DAL,SF,13,7,281,8.0,.471,.746,.046,1.1,12.1,6.7,13.7,0.5,1.5,10.2,22.0,-0.4,0.3,-0.2,-0.026,-2.2,-1.7,-3.9,-0.1,,thompkl01
162,Tim Hardaway Jr.,33,DEN,SG,12,1,280,15.5,.680,.684,.184,1.3,7.4,4.6,9.0,0.9,0.3,2.8,16.5,0.8,0.3,1.1,.185,3.2,-0.8,2.5,0.3,,hardati02
163,Pelle Larsson,24,MIA,SG,13,10,279,13.6,.673,.476,.321,2.0,9.0,5.7,16.3,1.0,0.7,13.5,16.2,0.5,0.2,0.7,.114,-0.2,-0.2,-0.4,0.1,,larsspe01
164,Tyrese Martin,26,BRK,SG,13,2,275,9.5,.470,.588,.093,5.4,12.2,8.5,17.7,1.2,1.0,12.2,17.8,-0.1,0.0,-0.1,-0.025,-2.0,-2.3,-4.4,-0.2,,martity01
165,Reed Sheppard,21,HOU,PG,12,0,275,18.8,.640,.605,.079,1.3,11.4,6.5,19.0,3.4,1.4,11.3,19.9,0.7,0.4,1.1,.197,3.5,2.0,5.5,0.5,,sheppre01
166,Luke Kennard,29,ATL,SG,12,0,274,11.0,.643,.583,.181,3.3,7.3,5.3,10.1,2.1,0.3,16.2,14.3,0.2,0.3,0.5,.083,-1.6,-0.3,-1.9,0.0,,kennalu01
167,Kris Murray,25,POR,SF,12,0,273,8.9,.546,.339,.107,5.7,9.9,7.6,6.1,2.2,0.6,10.7,9.5,0.2,0.2,0.3,.060,-2.5,0.5,-2.0,0.0,,murrakr01
168,Anthony Edwards,24,MIN,SG,9,9,273,24.9,.622,.429,.371,3.4,12.8,8.4,20.1,1.7,2.0,10.0,34.2,0.7,0.3,1.0,.173,6.2,-0.5,5.7,0.5,,edwaran01
169,Josh Hart,30,NYK,SF,11,0,272,14.2,.560,.425,.163,6.7,24.2,14.8,22.7,1.6,0.4,18.1,15.8,0.3,0.3,0.6,.110,-0.1,0.8,0.7,0.2,,hartjo01
170,Josh Okogie,27,HOU,SG,12,10,271,14.0,.660,.556,.349,4.7,6.4,5.6,7.0,3.5,0.7,8.8,12.1,0.6,0.3,1.0,.170,-0.1,2.0,1.9,0.3,,okogijo01
171,Bruce Brown,29,DEN,SG,12,0,270,9.5,.536,.309,.221,6.2,15.3,11.1,7.3,1.6,0.7,11.8,13.3,0.1,0.4,0.5,.097,-2.9,0.2,-2.8,-0.1,,brownbr01
172,Cameron Johnson,29,DEN,SF,11,11,269,6.8,.464,.487,.205,3.1,8.5,6.0,9.1,1.1,0.3,6.6,14.3,0.0,0.3,0.3,.055,-4.2,-0.9,-5.1,-0.2,,johnsca02
173,Patrick Williams,24,CHI,PF,12,0,267,11.1,.592,.608,.243,3.4,10.3,7.0,8.8,2.5,1.6,14.6,15.0,0.1,0.3,0.3,.059,-1.5,0.4,-1.1,0.1,,willipa01
174,Malik Monk,27,SAC,SG,11,0,267,14.1,.586,.439,.175,1.2,6.1,3.6,12.9,1.8,1.7,8.2,21.1,0.2,0.0,0.2,.043,0.4,-1.2,-0.8,0.1,,monkma01
175,Mike Conley,38,MIN,PG,13,4,266,11.9,.637,.667,.263,2.2,8.4,5.4,21.4,1.4,1.0,17.0,12.2,0.5,0.2,0.7,.121,-0.1,0.2,0.1,0.1,,conlemi01
176,Peyton Watson,23,DEN,SF,12,2,266,11.2,.520,.281,.391,6.3,11.7,9.2,7.3,2.5,4.6,13.8,13.9,0.0,0.5,0.5,.098,-2.4,1.9,-0.5,0.1,,watsope01
177,Keon Ellis,26,SAC,SG,14,2,263,11.6,.623,.720,.133,1.6,7.5,4.5,4.7,3.6,1.4,7.0,13.7,0.2,0.2,0.4,.067,-1.5,1.7,0.2,0.1,,elliske01
178,Josh Minott,23,BOS,PF,13,9,263,16.0,.581,.513,.224,9.9,18.5,14.1,9.7,2.7,1.9,9.7,14.9,0.5,0.4,0.9,.164,-0.2,1.4,1.1,0.2,,minotjo01
179,Cam Spencer,25,MEM,SG,14,1,262,14.6,.626,.698,.302,0.8,10.7,5.7,24.2,1.8,0.4,11.0,17.3,0.4,0.2,0.6,.116,0.8,0.3,1.1,0.2,,spencca01
180,Ace Bailey,19,UTA,SF,13,4,261,9.9,.512,.404,.172,10.5,8.7,9.6,11.5,1.5,0.8,14.5,19.3,0.0,0.1,0.1,.012,-3.3,-2.3,-5.5,-0.2,,baileac01
181,Kyle Filipowski,22,UTA,C,13,5,258,11.8,.517,.412,.341,8.2,22.3,15.1,16.9,0.9,2.7,14.1,17.9,0.1,0.2,0.3,.054,-2.9,-0.2,-3.1,-0.1,,filipky01
182,Jarred Vanderbilt,26,LAL,PF,14,2,257,10.6,.548,.280,.380,9.2,25.8,18.0,10.5,2.6,1.9,27.4,13.5,-0.1,0.4,0.3,.060,-3.4,1.2,-2.1,0.0,,vandeja01
183,Tari Eason,24,HOU,PF,11,1,255,16.1,.642,.558,.074,7.3,17.4,12.5,9.7,1.7,1.9,16.2,18.9,0.4,0.3,0.7,.137,2.2,-0.6,1.5,0.2,,easonta01
184,Ayo Dosunmu,26,CHI,SG,10,0,254,17.3,.662,.398,.262,1.3,8.4,5.0,18.7,1.3,0.3,10.2,21.0,0.6,0.1,0.7,.136,1.8,-1.0,0.8,0.2,,dosunay01
185,Cole Anthony,25,MIL,PG,13,0,253,12.9,.485,.319,.129,3.6,16.1,10.0,36.2,1.9,1.8,18.0,25.6,-0.2,0.2,0.1,.012,-2.7,-0.5,-3.2,-0.1,,anthoco01
186,Lonzo Ball,28,CLE,PG,11,2,253,10.4,.511,.815,.123,5.6,13.6,9.4,29.7,2.0,0.7,27.5,15.1,0.0,0.3,0.3,.053,-1.5,0.3,-1.2,0.0,,balllo01
187,Buddy Hield,33,GSW,SG,15,0,252,10.7,.561,.644,.149,2.2,8.7,5.4,14.3,2.5,0.0,13.9,18.1,0.0,0.3,0.3,.059,-3.2,-0.2,-3.4,-0.1,,hieldbu01
188,Ziaire Williams,24,BRK,SF,11,0,251,10.7,.564,.744,.302,3.4,9.9,6.4,3.0,1.9,1.8,8.5,18.0,0.1,0.0,0.1,.026,-2.3,-1.7,-4.1,-0.1,,willizi02
189,Landry Shamet,28,NYK,SG,12,3,249,14.2,.690,.737,.329,2.4,8.5,5.3,5.9,1.0,0.4,6.5,15.3,0.6,0.1,0.8,.147,1.6,-1.0,0.5,0.2,,shamela01
190,Khris Middleton,34,WAS,SF,10,10,248,10.9,.560,.350,.238,5.4,10.7,8.1,13.9,1.7,0.7,15.3,17.5,0.0,0.0,0.0,.007,-3.5,-2.0,-5.4,-0.2,,middlkh01
191,Aaron Wiggins,27,OKC,SG,9,5,248,15.0,.578,.541,.081,4.1,10.1,7.2,11.9,0.8,2.9,7.3,21.6,0.3,0.5,0.7,.141,1.4,-0.6,0.8,0.2,,wiggiaa01
192,Corey Kispert,26,WAS,SF,13,0,247,12.3,.647,.653,.264,1.7,10.8,6.3,12.0,0.6,0.7,10.1,15.0,0.4,-0.1,0.3,.053,-0.1,-2.5,-2.6,0.0,,kispeco01
193,Jaylin Williams,23,OKC,PF,13,1,247,10.9,.472,.887,.099,3.7,22.7,13.6,16.0,1.6,3.3,11.9,14.7,0.0,0.6,0.6,.116,-1.8,2.1,0.3,0.1,,willija07
194,Brandon Williams,26,DAL,PG,12,4,247,14.8,.525,.272,.398,2.6,9.6,6.1,26.1,4.0,0.3,15.4,24.2,-0.1,0.4,0.3,.058,-3.6,1.8,-1.8,0.0,,willibr03
195,Simone Fontecchio,30,MIA,SF,13,0,246,15.4,.698,.698,.219,3.1,10.2,6.9,7.1,1.1,1.1,10.2,19.5,0.5,0.2,0.6,.124,2.5,-0.5,2.0,0.2,,fontesi01
196,Dalton Knecht,24,LAL,SF,13,1,246,10.9,.563,.548,.107,4.1,10.5,7.5,4.6,1.4,2.4,8.3,16.8,0.1,0.2,0.3,.058,-1.4,-1.0,-2.4,0.0,,knechda01
197,Egor Demin,19,BRK,PG,12,5,246,10.5,.532,.747,.120,2.6,15.1,8.4,24.0,2.0,0.8,18.6,16.7,0.0,0.1,0.0,.008,-1.8,-1.0,-2.8,-0.1,,demineg01
198,Luguentz Dort,26,OKC,SF,8,8,245,6.1,.425,.655,.172,6.5,10.6,8.6,6.1,1.4,0.4,8.8,12.1,-0.1,0.5,0.4,.070,-4.4,0.2,-4.2,-0.1,,dortlu01
199,Bam Adebayo,28,MIA,C,8,8,243,17.1,.569,.379,.290,3.6,22.6,13.7,13.4,1.5,0.8,10.3,26.2,0.1,0.3,0.5,.089,0.8,0.4,1.1,0.2,,adebaba01
200,Isaiah Jackson,24,IND,C,13,9,242,15.3,.608,.000,.378,12.0,22.3,16.7,8.2,1.6,1.5,14.8,16.9,0.3,0.2,0.5,.101,-3.0,-0.9,-3.9,-0.1,,jacksis01
201,Craig Porter Jr.,25,CLE,PG,14,0,239,15.6,.590,.417,.200,8.5,10.0,9.2,20.6,2.7,3.1,15.5,13.0,0.4,0.3,0.7,.142,1.1,2.2,3.2,0.3,,portecr01
202,Steven Adams,32,HOU,C,11,2,239,18.3,.567,.000,.469,27.2,21.2,24.1,8.3,1.7,3.2,16.9,12.3,0.6,0.4,0.9,.184,1.6,-1.0,0.7,0.2,,adamsst01
203,Dillon Brooks,30,PHO,SF,8,8,239,18.3,.589,.459,.244,2.9,9.5,6.2,10.1,3.2,0.8,9.7,29.0,0.3,0.3,0.6,.119,0.7,-0.3,0.4,0.1,,brookdi01
204,Will Richard,23,GSW,SG,13,4,237,17.7,.708,.579,.303,7.4,7.8,7.6,11.3,2.8,0.4,10.4,17.2,0.6,0.3,0.9,.185,1.6,0.7,2.3,0.3,,richawi02
205,Andre Drummond,32,PHI,C,11,3,236,19.3,.649,.237,.339,15.4,30.0,22.7,5.3,1.6,3.9,8.1,13.0,0.6,0.4,1.0,.200,1.9,0.4,2.3,0.3,,drumman01
206,Goga Bitadze,26,ORL,C,14,0,235,19.2,.744,.140,.674,11.2,22.1,16.8,9.8,1.4,6.4,11.2,11.3,0.7,0.4,1.1,.229,0.7,2.9,3.6,0.3,,bitadgo01
207,Jose Alvarado,27,NOP,PG,12,0,235,13.1,.598,.653,.181,2.2,12.4,6.8,19.8,2.3,0.0,14.3,16.3,0.3,0.0,0.3,.061,-0.8,-0.7,-1.5,0.0,,alvarjo01
208,Jamal Shead,23,TOR,PG,13,0,233,14.1,.590,.569,.246,2.4,7.9,5.2,35.4,1.8,0.0,17.2,15.7,0.5,0.2,0.7,.138,0.3,-0.6,-0.3,0.1,,sheadja01
209,Isaiah Joe,26,OKC,SG,9,0,232,15.6,.637,.796,.280,2.9,10.7,7.0,7.3,1.5,0.4,8.7,21.3,0.4,0.4,0.8,.175,1.0,-0.6,0.4,0.1,,joeis01
210,Kristaps Porziņģis,30,ATL,C,9,9,232,21.2,.572,.395,.447,8.2,15.4,11.9,21.1,1.0,5.6,6.8,26.6,0.6,0.3,0.9,.186,2.9,1.3,4.2,0.4,,porzikr01
211,Mouhamed Gueye,23,ATL,PF,14,2,231,12.3,.569,.472,.139,7.3,17.3,12.5,11.8,1.2,3.2,13.6,16.1,0.1,0.3,0.4,.088,-2.2,0.5,-1.7,0.0,,gueyemo02
212,Nicolas Batum,37,LAC,PF,13,2,230,7.1,.472,.900,.040,3.1,14.2,8.9,5.8,2.4,3.4,12.1,11.2,-0.1,0.2,0.1,.015,-3.8,0.4,-3.3,-0.1,,batumni01
213,Isaiah Stewart,24,DET,C,10,3,230,17.4,.584,.365,.247,10.6,20.2,15.4,9.2,0.4,8.1,9.6,18.5,0.4,0.4,0.8,.160,0.5,1.2,1.7,0.2,,stewais01
214,Miles McBride,25,NYK,SG,10,2,228,11.5,.532,.658,.118,4.0,8.2,6.0,15.5,1.9,0.5,9.1,15.8,0.3,0.2,0.4,.090,-0.7,-0.1,-0.8,0.1,,mcbrimi01
215,LaMelo Ball,24,CHO,PG,7,7,227,21.0,.545,.512,.248,4.6,20.3,12.6,50.0,2.1,0.4,14.4,30.7,0.5,0.2,0.6,.132,3.2,-0.9,2.3,0.3,,ballla01
216,Cam Thomas,24,BRK,SG,8,8,226,15.1,.546,.341,.424,1.4,4.4,2.8,16.7,0.9,0.4,9.3,32.4,0.1,-0.1,0.0,.001,0.7,-4.1,-3.4,-0.1,,thomaca02
217,Jakob Poeltl,30,TOR,C,9,9,222,18.0,.689,.000,.569,13.7,19.0,16.4,9.8,1.3,2.6,13.2,15.8,0.6,0.3,0.8,.182,-0.1,0.0,0.0,0.1,,poeltja01
218,Cam Whitmore,21,WAS,SF,13,0,221,12.1,.538,.343,.202,3.8,10.2,7.0,5.6,2.3,0.8,10.8,22.7,-0.1,0.0,-0.1,-0.025,-2.7,-2.1,-4.8,-0.2,,whitmca01
219,Jalen Suggs,24,ORL,PG,10,10,221,18.7,.699,.577,.333,3.6,15.7,9.8,31.6,3.5,1.1,25.1,22.8,0.3,0.4,0.7,.154,1.3,2.5,3.8,0.3,,suggsja01
220,Oso Ighodaro,23,PHO,PF,14,4,220,7.1,.525,.000,.280,3.1,20.1,11.6,10.2,1.3,4.3,24.3,14.1,-0.2,0.3,0.0,.010,-6.8,1.0,-5.7,-0.2,,ighodos01
221,Dru Smith,28,MIA,SG,13,0,217,15.1,.572,.435,.194,5.6,6.2,5.9,24.7,4.2,0.9,15.1,14.9,0.3,0.3,0.6,.134,-0.6,3.3,2.7,0.3,,smithdr01
222,Sandro Mamukelashvili,26,TOR,C,12,0,217,19.0,.719,.420,.362,6.3,15.5,11.0,14.5,1.3,2.2,12.1,17.7,0.6,0.3,0.9,.190,3.2,0.5,3.8,0.3,,mamuksa01
223,Al Horford,39,GSW,C,10,0,216,7.9,.458,.729,.000,5.1,15.5,10.2,11.6,1.8,4.3,18.1,14.1,-0.2,0.3,0.1,.019,-3.9,1.1,-2.8,0.0,,horfoal01
224,Gradey Dick,22,TOR,SG,13,0,215,12.0,.574,.595,.351,2.6,12.6,7.7,4.2,1.5,0.0,5.5,17.7,0.2,0.2,0.4,.088,-1.1,-1.1,-2.2,0.0,,dickgr01
225,Quinten Post,25,GSW,PF,15,7,214,13.8,.584,.721,.103,6.7,24.3,15.3,9.0,1.3,3.9,11.2,15.8,0.1,0.3,0.5,.110,0.0,0.6,0.6,0.1,,postqu01
226,Jordan Poole,26,NOP,PG,7,4,212,11.3,.535,.596,.323,1.4,5.2,3.1,17.8,0.5,1.0,11.7,25.5,0.1,-0.1,0.0,-0.005,-0.6,-3.9,-4.5,-0.1,,poolejo01
227,Vit Krejci,25,ATL,PG,10,0,211,15.8,.726,.750,.139,1.6,10.5,6.2,12.2,1.1,1.3,7.3,16.5,0.5,0.2,0.7,.159,1.9,-0.1,1.8,0.2,,krejcvi01
228,Keaton Wallace,26,ATL,PG,13,2,209,10.9,.547,.574,.074,0.5,12.1,6.5,24.0,2.5,0.9,16.5,13.5,0.1,0.3,0.4,.087,-3.0,1.2,-1.8,0.0,,wallake01
229,Jordan Clarkson,33,NYK,SG,12,0,207,15.6,.610,.533,.239,5.4,5.7,5.5,13.3,0.9,1.0,9.8,22.3,0.4,0.1,0.5,.127,1.3,-1.5,-0.2,0.1,,clarkjo01
230,Daniel Gafford,27,DAL,C,9,9,207,19.7,.707,.000,.482,10.3,16.4,13.4,7.7,1.8,6.0,12.8,15.7,0.5,0.4,0.9,.202,-0.7,2.1,1.4,0.2,,gaffoda01
231,Drew Eubanks,28,SAC,C,14,3,205,14.2,.639,.018,.554,4.8,17.1,10.7,2.9,1.6,6.3,15.7,17.0,0.0,0.2,0.2,.042,-2.8,0.0,-2.8,0.0,,eubandr01
232,Collin Murray-Boyles,20,TOR,PF,10,3,204,13.9,.607,.277,.292,10.5,9.6,10.0,7.8,1.9,2.3,13.0,17.4,0.2,0.2,0.5,.112,-0.6,-0.4,-1.0,0.1,,murraco01
233,Kawhi Leonard,34,LAC,SF,6,6,201,25.2,.625,.333,.257,3.0,16.3,9.8,18.9,3.7,2.0,8.6,28.2,0.5,0.2,0.7,.172,4.2,0.9,5.1,0.4,,leonaka01
234,Brook Lopez,37,LAC,C,13,0,199,11.0,.562,.699,.137,2.4,14.7,8.8,6.1,1.3,5.4,13.4,19.9,-0.1,0.1,0.0,.010,-2.3,-0.8,-3.1,-0.1,,lopezbr01
235,Jay Huff,27,IND,C,13,2,194,11.4,.482,.676,.191,6.8,15.1,10.6,7.9,0.2,11.4,9.8,17.0,-0.1,0.2,0.1,.033,-3.8,0.8,-3.0,-0.1,,huffja01
236,Trendon Watford,25,PHI,PF,9,4,194,14.8,.601,.203,.322,6.8,17.7,12.2,24.0,0.7,0.9,16.2,17.2,0.3,0.2,0.5,.123,-0.2,0.5,0.3,0.1,,watfotr01
237,Tobias Harris,33,DET,PF,6,6,193,10.8,.513,.394,.254,2.7,17.0,9.9,11.8,1.2,0.5,9.2,18.3,0.1,0.3,0.4,.088,-2.0,0.1,-2.0,0.0,,harrito02
238,Nique Clifford,23,SAC,SG,10,2,192,6.6,.424,.451,.196,4.0,14.0,8.8,14.8,1.0,1.9,11.2,13.7,-0.1,0.0,-0.1,-0.026,-4.3,-0.9,-5.2,-0.2,,cliffni01
239,Marvin Bagley III,26,WAS,PF,13,0,190,19.8,.699,.103,.362,13.1,16.7,14.9,12.9,1.5,3.2,15.1,17.3,0.5,0.1,0.5,.136,1.1,-0.8,0.3,0.1,,baglema01
240,Jalen Smith,25,CHI,C,12,0,190,19.4,.604,.551,.202,14.8,26.1,20.8,12.7,0.5,1.7,11.0,23.9,0.3,0.2,0.5,.131,2.7,-1.9,0.8,0.1,,smithja04
241,Day'Ron Sharpe,24,BRK,C,12,0,189,17.2,.677,.222,.600,15.7,22.9,19.0,19.0,2.6,2.9,29.7,18.2,0.2,0.1,0.3,.079,-1.4,0.6,-0.8,0.1,,sharpda01
242,Tony Bradley,28,IND,C,13,3,186,15.4,.652,.020,.340,13.1,10.3,11.8,8.9,0.5,1.5,6.5,13.4,0.5,0.1,0.5,.138,-1.1,-1.6,-2.8,0.0,,bradlto01
243,Luka Garza,27,BOS,C,13,0,185,21.2,.672,.344,.361,18.0,13.1,15.6,8.6,1.1,3.3,6.6,17.3,0.8,0.2,1.0,.251,1.5,-0.2,1.3,0.2,,garzalu01
244,Jaxson Hayes,25,LAL,C,11,1,185,14.3,.703,.029,.314,8.8,20.1,14.7,9.6,1.0,2.7,13.1,10.7,0.4,0.2,0.6,.148,-0.3,0.3,0.0,0.1,,hayesja02
245,Jordan Goodwin,27,PHO,PG,11,0,184,14.9,.549,.524,.127,10.5,14.8,12.6,16.3,3.4,0.5,15.3,17.8,0.2,0.3,0.4,.115,0.0,0.7,0.7,0.1,,goodwjo01
246,Alex Caruso,31,OKC,SG,10,0,183,13.9,.531,.673,.115,1.2,10.8,6.2,17.0,5.0,1.7,14.1,15.0,0.0,0.5,0.6,.146,-1.7,4.7,3.0,0.2,,carusal01
247,Bogdan Bogdanović,33,LAC,SG,7,2,183,9.9,.554,.614,.175,1.3,12.9,7.3,17.4,1.6,0.5,16.3,17.8,0.0,0.1,0.1,.023,-2.2,-1.0,-3.2,-0.1,,bogdabo01
248,Larry Nance Jr.,33,CLE,PF,12,1,181,4.8,.405,.491,.057,5.6,17.7,11.3,11.4,1.6,1.0,14.2,14.1,-0.2,0.2,0.0,.003,-7.4,0.1,-7.4,-0.2,,nancela02
249,Caris LeVert,31,DET,SG,9,0,181,13.7,.620,.443,.311,0.6,6.4,3.5,20.7,1.6,2.2,16.8,18.8,0.2,0.2,0.4,.102,-0.1,0.0,-0.2,0.1,,leverca01
250,Tyus Jones,29,ORL,PG,14,1,178,4.4,.286,.543,.000,1.9,6.1,4.1,14.6,2.7,0.9,12.5,9.5,-0.2,0.2,0.0,-0.003,-5.8,2.4,-3.4,-0.1,,jonesty01
251,Jaylen Clark,24,MIN,SG,11,0,178,10.1,.572,.439,.390,7.2,7.2,7.2,6.4,2.4,0.5,9.4,12.7,0.2,0.2,0.4,.095,-3.1,0.7,-2.4,0.0,,clarkja02
252,Walter Clayton,22,UTA,PG,11,0,178,11.7,.565,.537,.259,3.5,12.2,7.8,28.1,1.3,1.7,20.0,17.1,0.1,0.1,0.2,.060,-1.6,-0.1,-1.7,0.0,,claytwa01
253,Adem Bona,22,PHI,C,12,3,177,9.6,.481,.050,.800,9.3,16.3,12.8,2.1,1.4,10.3,20.6,8.0,0.0,0.3,0.2,.064,-4.5,2.0,-2.4,0.0,,bonaad01
254,Brice Sensabaugh,22,UTA,SF,12,0,174,16.2,.622,.716,.185,3.6,16.8,10.1,12.2,1.6,0.6,10.2,22.7,0.3,0.1,0.4,.101,1.3,-1.4,-0.1,0.1,,sensabr01
255,Vince Williams Jr.,25,MEM,SG,9,1,174,10.8,.561,.672,.241,3.6,19.8,11.6,20.7,1.9,1.1,21.9,19.5,-0.1,0.2,0.1,.016,-1.9,0.9,-1.1,0.0,,willivi01
256,Jalen Wilson,25,BRK,PF,11,0,173,7.1,.579,.679,.245,1.2,6.4,3.6,6.1,0.6,0.0,12.0,16.4,0.0,-0.1,-0.1,-0.018,-2.6,-3.5,-6.1,-0.2,,wilsoja03
257,Jordan Walsh,21,BOS,PF,10,2,173,14.1,.564,.436,.103,7.8,19.8,13.6,7.4,2.9,3.5,4.7,10.5,0.3,0.3,0.6,.165,-1.4,2.6,1.2,0.1,,walshjo01
258,De'Aaron Fox,28,SAS,PG,5,5,171,17.6,.613,.381,.155,5.0,7.1,6.1,31.4,1.4,0.6,18.2,27.2,0.2,0.2,0.4,.112,1.6,-1.9,-0.3,0.1,,foxde01
259,Taurean Prince,31,MIL,SF,8,0,169,7.7,.623,.737,.079,0.0,8.5,4.3,5.9,1.7,1.1,11.3,11.4,0.1,0.1,0.2,.050,-3.3,-0.3,-3.6,-0.1,,princta02
260,Jordan Hawkins,23,NOP,SG,12,0,168,4.4,.387,.593,.119,3.6,12.3,7.6,6.8,0.6,0.0,6.1,16.6,-0.2,0.0,-0.3,-0.082,-5.0,-3.7,-8.7,-0.3,,hawkijo01
261,Andrew Nembhard,26,IND,PG,6,6,168,16.4,.559,.446,.373,0.6,6.7,3.4,39.9,0.6,0.5,11.0,26.1,0.3,0.0,0.3,.090,2.9,-2.9,0.0,0.1,,nembhan01
262,Jeremiah Robinson-Earl,25,IND,PF,8,3,167,10.5,.460,.333,.200,12.4,19.6,15.6,6.2,1.4,0.0,10.9,13.3,0.0,0.1,0.1,.034,-2.8,-2.2,-5.0,-0.1,,robinje02
263,RayJ Dennis,24,IND,PG,11,0,161,7.1,.433,.529,.129,4.7,7.7,6.0,24.2,0.9,2.3,15.9,22.1,-0.3,0.1,-0.2,-0.069,-3.6,-2.1,-5.7,-0.2,,dennira01
264,Zion Williamson,25,NOP,PF,5,5,157,22.1,.553,.000,.731,10.3,13.9,12.0,26.3,3.1,0.7,14.2,32.2,0.1,0.1,0.2,.063,2.3,-1.2,1.2,0.1,,willizi01
265,Daniss Jenkins,24,DET,PG,8,2,156,16.9,.570,.313,.156,4.1,6.8,5.4,26.6,3.7,0.0,13.9,20.7,0.2,0.2,0.5,.139,0.0,1.3,1.3,0.1,,jenkida01
266,Jabari Walker,23,PHI,PF,12,5,154,7.9,.485,.324,.135,11.4,15.1,13.2,4.3,0.6,1.8,11.3,11.9,0.0,0.1,0.2,.052,-4.5,-1.2,-5.7,-0.1,,walkeja01
267,Walker Kessler,24,UTA,C,5,5,154,20.9,.786,.216,.541,15.7,21.8,18.7,14.9,2.2,5.8,25.9,16.3,0.3,0.2,0.5,.159,1.2,2.0,3.1,0.2,,kesslwa01
268,Yves Missi,21,NOP,C,8,4,153,15.1,.620,.000,.600,15.9,13.5,14.8,9.7,0.6,5.5,19.2,12.9,0.2,0.0,0.2,.068,-0.9,-1.8,-2.7,0.0,,missiyv01
269,Jonas Valančiūnas,33,DEN,C,12,0,151,23.2,.607,.083,.431,15.9,26.7,21.7,15.1,0.3,5.6,12.3,27.4,0.4,0.3,0.6,.205,1.0,0.2,1.2,0.1,,valanjo01
270,Anthony Davis,32,DAL,PF,5,5,149,23.4,.587,.147,.413,12.1,23.5,17.9,13.5,2.5,3.3,11.0,28.0,0.2,0.3,0.5,.156,2.6,1.4,4.0,0.2,,davisan02
271,Taylor Hendricks,22,UTA,PF,9,3,148,9.7,.460,.425,.200,11.4,16.1,13.7,3.7,1.3,2.0,10.3,13.3,0.0,0.1,0.1,.026,-2.6,-2.0,-4.6,-0.1,,hendrta01
272,Nick Richards,28,PHO,C,14,1,145,13.8,.617,.000,.694,14.1,24.2,19.2,4.7,0.7,4.6,21.7,17.3,0.1,0.2,0.3,.094,-4.0,-1.3,-5.3,-0.1,,richani01
273,Tyrese Proctor,21,CLE,PG,12,0,142,6.4,.461,.661,.113,1.4,8.1,4.6,13.5,1.3,0.0,8.4,20.2,-0.1,0.1,0.0,.002,-5.8,-1.6,-7.4,-0.2,,proctty01
274,Paul Reed,26,DET,C,11,2,141,26.5,.715,.137,.157,18.0,21.7,19.9,14.3,4.1,6.9,19.3,19.5,0.3,0.4,0.7,.240,2.5,3.6,6.1,0.3,,reedpa01
275,Joel Embiid,31,PHI,C,6,6,140,23.8,.576,.322,.402,7.1,19.0,13.0,24.6,1.7,5.9,13.5,35.1,0.2,0.2,0.4,.130,3.3,1.4,4.7,0.2,,embiijo01
276,Dylan Harper,19,SAS,SG,6,0,140,16.6,.584,.219,.281,4.3,14.9,9.9,25.1,1.4,0.0,13.3,25.1,0.2,0.2,0.4,.132,-0.6,0.3,-0.3,0.1,,harpedy01
277,Trae Young,27,ATL,PG,5,5,139,16.7,.511,.371,.557,0.0,7.6,3.9,40.1,1.4,0.7,10.3,29.5,0.1,0.1,0.3,.095,0.9,-1.4,-0.5,0.1,,youngtr01
278,Gary Payton II,33,GSW,SG,14,0,138,11.1,.458,.444,.000,9.6,20.9,15.1,15.4,3.1,2.7,18.2,13.5,0.0,0.3,0.2,.074,-3.6,1.9,-1.6,0.0,,paytoga02
279,John Konchar,29,MEM,SG,12,0,138,12.6,.691,.636,.045,2.3,18.7,10.4,11.2,3.1,3.4,15.1,7.9,0.1,0.2,0.3,.116,-1.4,3.5,2.2,0.1,,konchjo01
280,Luke Kornet,30,SAS,C,6,1,138,21.8,.802,.000,.516,16.7,15.9,16.3,11.3,0.0,4.9,9.5,12.9,0.6,0.2,0.8,.261,3.2,0.6,3.9,0.2,,kornelu01
281,Hugo González,19,BOS,SF,11,1,136,8.9,.525,.323,.032,6.1,11.4,8.7,6.6,3.3,1.5,16.0,11.7,0.0,0.2,0.2,.071,-4.3,2.0,-2.4,0.0,,gonzahu01
282,Justin Edwards,22,PHI,SF,10,1,136,13.6,.693,.723,.064,4.0,8.1,6.1,9.6,0.7,1.3,9.4,16.3,0.3,0.1,0.4,.133,1.6,-0.6,1.1,0.1,,edwarju01
283,Isaiah Collier,21,UTA,PG,5,1,131,15.3,.678,.167,.800,0.0,14.9,7.3,41.2,0.7,1.5,22.8,16.3,0.3,0.1,0.3,.123,-1.3,-0.9,-2.2,0.0,,colliis01
284,Ousmane Dieng,22,OKC,C,11,0,130,4.1,.394,.457,.114,3.5,13.6,8.7,5.8,0.4,4.0,14.0,14.2,-0.2,0.2,0.0,.005,-6.3,-0.1,-6.4,-0.1,,diengou01
285,Amir Coffey,28,MIL,SG,13,0,128,5.8,.517,.421,.158,3.6,8.6,6.1,6.5,0.0,0.7,4.7,7.2,0.1,0.0,0.1,.039,-3.4,-2.1,-5.6,-0.1,,coffeam01
286,Jonathan Isaac,28,ORL,PF,13,0,126,11.3,.496,.621,.414,7.3,24.9,16.3,1.1,2.3,3.3,8.0,12.5,0.0,0.2,0.3,.096,-2.8,1.3,-1.5,0.0,,isaacjo01
287,Ochai Agbaji,25,TOR,SG,9,1,125,4.6,.421,.480,.320,1.8,14.7,8.4,5.7,1.9,0.8,9.5,10.6,-0.1,0.2,0.0,.017,-6.3,0.2,-6.1,-0.1,,agbajoc01
288,Drake Powell,20,BRK,SG,7,0,124,11.1,.616,.324,.059,2.6,13.0,7.4,17.5,2.4,0.7,20.5,15.0,0.0,0.0,0.1,.022,-2.9,-0.1,-3.0,0.0,,poweldr01
289,Rob Dillingham,21,MIN,PG,11,0,123,9.2,.474,.204,.224,1.9,8.6,5.4,26.5,2.7,0.0,20.6,23.5,-0.2,0.1,-0.1,-0.029,-6.5,-1.4,-7.8,-0.2,,dilliro01
290,Bilal Coulibaly,21,WAS,SG,5,5,123,11.3,.474,.386,.341,3.4,15.0,9.2,19.2,2.3,4.2,16.5,20.5,-0.1,0.1,-0.1,-0.034,-2.7,0.2,-2.5,0.0,,coulibi01
291,Bradley Beal,32,LAC,SG,6,6,121,5.1,.476,.396,.167,2.0,2.8,2.4,12.4,1.2,0.0,14.9,22.2,-0.2,0.0,-0.2,-0.086,-6.9,-4.2,-11.1,-0.3,,bealbr01
292,Ja'Kobe Walter,21,TOR,SG,10,0,119,5.0,.469,.710,.226,5.7,6.4,6.0,6.0,2.8,0.8,19.0,14.9,-0.2,0.1,0.0,-0.005,-6.3,0.0,-6.3,-0.1,,walteja01
293,Precious Achiuwa,26,SAC,C,7,4,118,14.1,.558,.258,.419,9.2,18.8,13.8,5.9,2.0,2.4,7.6,14.2,0.1,0.1,0.2,.072,-1.3,-0.8,-2.0,0.0,,achiupr01
294,Jaden Hardy,23,DAL,SG,11,0,117,7.9,.551,.622,.200,1.8,9.7,5.8,5.2,1.6,0.7,15.5,20.7,-0.1,0.1,0.0,-0.002,-4.4,-0.5,-4.9,-0.1,,hardyja02
295,Karlo Matković,24,NOP,PF,11,0,115,17.6,.690,.188,.250,6.2,21.1,13.0,11.4,0.9,4.6,10.1,14.5,0.2,0.0,0.3,.112,0.3,-0.3,0.0,0.1,,matkoka01
296,Terrence Shannon Jr.,25,MIN,SG,7,0,115,4.7,.434,.393,.250,3.0,12.9,8.2,8.5,1.7,0.0,16.2,13.7,-0.1,0.1,0.0,-0.015,-5.9,-0.5,-6.4,-0.1,,shannte01
297,Caleb Martin,30,DAL,SF,12,0,112,5.0,.388,.333,.333,8.5,9.2,8.9,15.2,1.7,0.7,19.5,9.6,0.0,0.1,0.1,.040,-6.8,1.0,-5.8,-0.1,,martica02
298,Liam McNeeley,20,CHO,SF,9,0,112,8.4,.520,.621,.517,4.2,13.0,8.7,12.8,0.9,0.8,12.3,15.1,0.1,0.0,0.1,.049,-3.1,-1.3,-4.4,-0.1,,mcneeli01
299,Jeremy Sochan,22,SAS,PF,7,0,109,13.5,.743,.370,.333,4.4,15.1,10.0,13.9,1.3,1.8,20.5,15.2,0.2,0.1,0.3,.147,-1.7,1.1,-0.6,0.0,,sochaje01
300,Clint Capela,31,HOU,C,11,0,108,23.3,.680,.000,.400,29.0,22.0,25.4,4.9,1.4,5.4,12.0,12.7,0.4,0.2,0.6,.254,2.9,-1.4,1.6,0.1,,capelca01
301,Moussa Cisse,23,DAL,C,10,0,108,17.6,.689,.000,.750,17.7,17.2,17.5,1.4,0.9,10.7,22.0,15.8,0.1,0.2,0.3,.140,-4.3,1.4,-2.9,0.0,,cissemo01
302,Bronny James,21,LAL,SG,9,1,107,6.2,.335,.385,.077,4.7,5.3,5.0,18.7,3.6,0.9,15.7,12.8,-0.1,0.1,0.0,-0.002,-5.4,1.2,-4.2,-0.1,,jamesbr02
303,Guerschon Yabusele,30,NYK,C,11,0,106,8.4,.446,.710,.194,11.5,16.6,13.9,4.7,0.9,1.0,5.6,13.8,0.1,0.1,0.1,.061,-3.0,-1.8,-4.8,-0.1,,yabusgu01
304,Chris Paul,40,LAC,PG,8,0,103,10.4,.354,.760,.040,5.8,9.9,7.9,37.2,4.4,0.0,21.6,14.0,0.0,0.1,0.1,.035,-3.4,1.4,-2.0,0.0,,paulch01
305,Justin Champagnie,24,WAS,SF,12,3,101,13.5,.493,.400,.680,17.5,17.2,17.4,5.1,1.9,0.0,5.8,14.2,0.2,0.0,0.2,.082,-1.7,-3.1,-4.8,-0.1,,champju01
306,Bones Hyland,25,MIN,PG,11,0,101,13.3,.639,.629,.114,1.2,9.5,5.5,20.6,2.4,0.0,17.9,18.8,0.1,0.1,0.2,.094,-1.4,0.4,-1.0,0.0,,hylanbo01
307,Quenton Jackson,27,IND,PG,5,3,101,21.0,.657,.324,.486,4.6,13.4,8.6,30.7,2.3,0.9,11.8,20.4,0.3,0.1,0.4,.176,2.8,1.8,4.7,0.2,,jacksqu01
308,Baylor Scheierman,25,BOS,SG,10,0,100,13.2,.786,.833,.056,5.2,17.7,11.3,5.1,1.5,1.0,9.8,8.7,0.2,0.1,0.3,.164,-0.2,1.2,1.0,0.1,,scheiba01
309,Trayce Jackson-Davis,25,GSW,C,9,0,100,13.2,.579,.000,.393,11.0,12.7,11.8,16.6,1.4,3.7,17.6,16.9,0.1,0.1,0.2,.111,-3.2,0.1,-3.0,0.0,,jackstr02
310,Robert Williams,28,POR,C,8,0,100,18.6,.624,.115,.038,15.5,18.7,17.0,8.3,2.3,4.4,7.0,11.3,0.2,0.1,0.4,.169,2.2,0.2,2.3,0.1,,williro04
311,Pat Spencer,29,GSW,PG,9,0,99,13.4,.486,.325,.300,4.5,10.5,7.4,24.0,2.9,0.9,9.9,21.5,0.0,0.1,0.2,.087,-2.4,0.4,-2.0,0.0,,spencpa01
312,Javon Small,23,MEM,PG,8,0,99,8.5,.525,.679,.357,1.1,7.6,4.3,31.8,0.0,1.0,19.8,16.9,0.0,0.0,0.0,.010,-2.4,-2.7,-5.1,-0.1,,smallja01
313,Kevon Looney,29,NOP,C,7,6,99,9.2,.390,.261,.261,13.3,17.2,15.1,15.5,1.0,4.3,16.3,13.0,0.0,0.0,0.0,-0.009,-4.9,-1.2,-6.1,-0.1,,looneke01
314,Kevin Love,37,UTA,PF,7,0,99,12.7,.561,.840,.480,5.3,27.4,16.2,24.8,0.0,2.0,18.8,15.3,0.1,0.1,0.2,.084,-0.3,0.9,0.6,0.1,,loveke01
315,Dwight Powell,34,DAL,C,11,0,98,11.7,.693,.000,1.417,10.9,11.6,11.2,9.6,1.9,1.7,20.4,10.4,0.2,0.1,0.3,.161,-4.5,1.7,-2.8,0.0,,poweldw01
316,Chaz Lanier,24,DET,SG,9,0,98,9.7,.495,.867,.100,5.4,5.4,5.4,11.6,1.0,0.0,3.1,13.4,0.1,0.1,0.2,.097,-1.1,-1.2,-2.4,0.0,,laniech01
317,Blake Wesley,22,POR,SG,6,0,98,12.6,.469,.294,.294,2.1,14.3,7.8,26.3,4.8,0.9,15.4,18.3,0.0,0.1,0.1,.056,-4.2,3.4,-0.8,0.0,,weslebl01
318,Cody Williams,21,UTA,SG,8,0,97,1.9,.399,.440,.120,2.2,6.7,4.4,5.6,1.0,1.0,10.2,12.3,-0.1,0.0,-0.1,-0.055,-7.8,-2.1,-10.0,-0.2,,willico04
319,Ben Saraf,19,BRK,SG,7,5,97,3.0,.377,.481,.296,3.3,12.8,7.7,24.4,1.0,0.0,22.8,17.3,-0.2,0.0,-0.2,-0.114,-6.9,-2.8,-9.7,-0.2,,sarafbe01
320,Mitchell Robinson,27,NYK,C,6,6,97,21.2,.566,.000,.053,36.7,20.6,29.2,7.9,1.5,7.6,17.1,9.9,0.3,0.1,0.5,.234,1.7,-1.5,0.2,0.1,,robinmi01
321,Brooks Barnhizer,23,OKC,SG,12,0,96,7.7,.474,.077,.308,5.9,21.6,14.1,3.8,1.0,2.2,6.3,7.1,0.0,0.2,0.2,.124,-4.0,1.7,-2.3,0.0,,barnhbr01
322,Micah Peavy,24,NOP,SG,9,0,94,3.3,.293,.391,.087,9.7,12.9,11.2,8.7,0.5,1.1,7.7,11.6,-0.1,0.0,-0.1,-0.069,-6.7,-2.9,-9.7,-0.2,,peavymi01
323,Nigel Hayes-Davis,31,PHO,SF,11,0,93,5.8,.452,.381,.000,6.1,9.7,7.9,6.9,2.6,0.0,19.2,11.7,-0.1,0.1,0.0,.006,-5.6,-0.4,-6.0,-0.1,,hayesni01
324,Cam Christie,20,LAC,SG,8,0,92,16.9,.601,.533,.500,3.9,14.7,9.5,12.9,1.1,1.1,2.7,18.1,0.2,0.0,0.3,.140,2.6,-0.8,1.8,0.1,,chrisca02
325,Isaiah Livers,27,PHO,PF,8,0,92,10.4,.635,.875,.188,4.9,12.3,8.6,5.4,1.1,3.1,5.5,8.3,0.1,0.1,0.2,.119,-0.4,-0.2,-0.6,0.0,,liveris01
326,KJ Simpson,23,CHO,PG,6,0,90,8.0,.439,.378,.108,3.9,13.7,8.9,28.5,2.1,0.0,20.5,22.6,-0.2,0.0,-0.1,-0.055,-4.7,-1.1,-5.8,-0.1,,simpskj01
327,Nick Smith Jr.,21,LAL,SG,6,0,90,9.7,.548,.486,.081,0.0,7.5,3.9,21.1,1.6,1.1,20.7,23.1,-0.1,0.1,0.0,-0.022,-2.5,-2.5,-5.0,-0.1,,smithni01
328,Sidy Cissoko,21,POR,SF,8,0,89,6.4,.525,.333,.467,7.0,9.2,8.0,8.4,1.1,0.0,10.0,8.9,0.1,0.0,0.1,.056,-4.0,-1.1,-5.1,-0.1,,cissosi01
329,Taelon Peter,23,IND,SG,9,0,87,4.9,.395,.917,.125,4.3,12.9,8.2,19.5,1.1,2.1,24.0,15.5,-0.2,0.1,-0.1,-0.076,-5.0,-1.0,-6.0,-0.1,,peterta01
330,Pat Connaughton,33,CHO,SG,9,0,85,13.8,.585,.615,.192,4.1,19.8,12.1,10.0,2.3,1.0,9.6,15.3,0.1,0.1,0.2,.089,-0.1,1.1,1.0,0.1,,connapa01
331,Jett Howard,22,ORL,SF,10,0,84,8.4,.483,.759,.000,1.4,6.4,4.0,11.9,0.6,3.0,3.3,15.1,0.0,0.1,0.1,.056,-0.8,0.0,-0.8,0.0,,howarje01
332,Tidjane Salaün,20,CHO,PF,7,0,83,9.6,.508,.632,.316,7.1,27.0,17.3,7.9,1.2,1.1,12.2,12.4,0.0,0.1,0.1,.052,-3.0,-0.9,-3.8,0.0,,salauti01
333,Obi Toppin,27,IND,PF,3,0,82,12.0,.526,.472,.250,3.4,23.3,12.5,10.3,1.7,0.0,13.1,22.7,-0.1,0.1,0.0,.011,-2.5,-0.7,-3.2,0.0,,toppiob01
334,Asa Newell,20,ATL,PF,8,0,80,18.3,.654,.500,.281,12.6,10.5,11.5,1.8,2.4,3.5,10.0,21.1,0.1,0.1,0.3,.154,0.8,-1.0,-0.3,0.0,,newelas01
335,Dereck Lively II,21,DAL,C,5,3,80,13.1,.661,.000,.429,8.0,21.9,15.1,18.0,1.8,7.2,32.5,12.9,0.0,0.2,0.2,.107,-4.7,4.1,-0.7,0.0,,livelde01
336,Dominick Barlow,22,PHI,PF,3,2,79,13.7,.606,.389,.333,15.3,12.6,14.0,13.4,0.0,3.5,19.5,13.5,0.1,0.0,0.2,.111,0.7,-0.6,0.1,0.0,,barlodo01
337,Gui Santos,23,GSW,PF,12,0,77,7.7,.548,.762,.095,11.5,12.0,11.7,3.7,2.5,0.0,18.6,14.8,0.0,0.1,0.1,.045,-5.0,-1.3,-6.3,-0.1,,santogu01
338,Branden Carlson,26,OKC,C,9,0,76,9.7,.500,.480,.000,4.5,19.1,12.1,5.3,1.3,5.4,10.7,15.9,0.0,0.2,0.1,.088,-5.3,0.6,-4.7,-0.1,,carlsbr01
339,Olivier-Maxence Prosper,23,MEM,PF,9,0,76,16.4,.666,.250,.800,8.2,17.0,12.5,9.9,0.6,1.2,12.9,16.9,0.2,0.1,0.2,.150,-0.3,-1.5,-1.8,0.0,,prospol01
340,Chris Boucher,33,BOS,PF,7,0,76,6.9,.372,.545,.091,2.7,21.8,12.0,3.3,2.6,6.6,4.2,13.3,-0.1,0.2,0.1,.040,-7.4,2.5,-5.0,-0.1,,bouchch01
341,Jordan McLaughlin,29,SAS,PG,8,0,74,15.0,.553,.625,.125,4.9,4.5,4.7,18.0,4.6,0.0,7.3,15.7,0.1,0.1,0.3,.167,-0.7,3.4,2.8,0.1,,mclaujo01
342,Maxime Raynaud,22,SAC,C,6,0,74,10.2,.482,.130,.391,10.3,23.6,16.7,7.3,1.3,2.5,18.2,18.8,-0.1,0.0,0.0,-0.029,-4.5,-1.7,-6.2,-0.1,,raynama01
343,Julian Phillips,22,CHI,SF,11,0,73,8.2,.475,.500,.000,7.7,4.2,5.8,1.8,2.6,2.3,4.8,12.0,0.0,0.1,0.1,.039,-3.5,-0.4,-3.8,0.0,,phillju01
344,Jamison Battle,24,TOR,SF,10,0,73,18.7,.976,.714,.000,1.5,14.8,8.3,3.8,1.3,1.3,16.0,14.4,0.2,0.1,0.2,.154,5.8,0.7,6.4,0.2,,battlja01
345,Darius Garland,26,CLE,PG,3,3,73,13.6,.493,.528,.222,4.2,9.4,6.6,28.9,1.9,0.0,11.2,24.6,0.1,0.1,0.1,.078,-1.7,-1.9,-3.6,0.0,,garlada01
346,Bennedict Mathurin,23,IND,SF,2,2,73,24.3,.730,.323,.839,3.9,17.0,9.8,12.6,0.0,0.0,10.5,26.3,0.3,0.0,0.3,.223,7.2,-0.7,6.5,0.1,,mathube01
347,Spencer Jones,24,DEN,SF,8,0,72,6.7,.697,.556,.444,3.3,0.0,1.5,6.5,4.0,1.3,31.7,9.3,0.0,0.1,0.1,.077,-5.2,2.6,-2.5,0.0,,jonessp01
348,Gabe Vincent,29,LAL,PG,3,3,72,3.7,.384,.769,.231,1.7,3.1,2.5,11.8,2.0,0.0,12.3,9.8,0.0,0.0,0.0,.004,-5.1,0.1,-5.0,-0.1,,vincega01
349,Duop Reath,29,POR,C,9,0,71,16.6,.864,.909,.000,1.5,8.2,4.6,8.1,0.0,1.2,4.3,12.8,0.3,0.0,0.3,.178,5.7,-1.0,4.7,0.1,,reathdu01
350,Julian Strawther,23,DEN,SG,9,0,71,7.7,.462,.533,.433,0.0,20.4,11.0,7.3,0.0,1.3,7.7,23.1,-0.1,0.1,0.0,.006,-6.6,-2.5,-9.1,-0.1,,strawju01
351,Gary Harris,31,MIL,SG,7,0,70,10.7,.643,.571,.000,1.6,4.7,3.2,7.1,3.4,2.6,12.5,9.9,0.0,0.1,0.1,.081,-1.7,2.0,0.2,0.0,,harriga01
352,Kobe Sanders,23,LAC,SG,5,0,69,9.0,.514,.609,.130,8.7,6.5,7.6,14.8,2.2,0.0,17.1,18.8,0.0,0.0,0.0,.001,-3.1,-2.3,-5.5,0.0,,sandeko01
353,Tyler Kolek,24,NYK,PG,10,0,67,6.5,.479,.542,.000,3.0,5.3,4.1,26.0,0.7,0.0,20.0,18.3,0.0,0.0,0.0,-0.006,-4.2,-1.4,-5.6,-0.1,,kolekty01
354,Devin Carter,23,SAC,PG,8,0,65,6.9,.366,.524,.238,5.0,16.2,10.4,17.6,4.3,1.4,20.5,18.9,-0.2,0.1,-0.1,-0.089,-6.3,1.8,-4.5,0.0,,cartede02
355,Will Riley,19,WAS,SF,9,0,64,11.2,.484,.222,.333,4.9,17.6,11.3,15.1,1.5,0.0,8.8,14.7,0.0,0.0,0.0,.011,-2.1,-1.8,-3.9,0.0,,rileywi01
356,Nae'Qwan Tomlin,25,CLE,PF,5,0,64,23.6,.595,.280,.400,17.5,12.5,15.2,7.0,4.4,5.8,3.3,19.2,0.2,0.1,0.4,.263,0.7,2.6,3.4,0.1,,tomlina01
357,Chris Youngblood,23,OKC,SG,12,0,63,4.2,.451,.929,.429,3.6,6.6,5.2,3.8,0.8,0.0,0.0,11.4,0.0,0.1,0.1,.091,-6.6,-0.9,-7.5,-0.1,,youngch01
358,Elijah Harkless,25,UTA,SG,6,0,63,4.3,.492,.636,.455,3.3,6.9,5.1,8.4,2.3,0.0,18.5,10.4,0.0,0.0,0.0,.000,-6.6,0.9,-5.7,-0.1,,harklej01
359,Monte Morris,30,IND,PG,5,0,62,7.1,.385,.421,.211,1.5,10.9,5.8,21.3,0.8,1.5,4.6,14.2,0.0,0.0,0.0,-0.013,-4.7,-1.8,-6.5,-0.1,,morrimo01
360,Jericho Sims,27,MIL,C,9,0,61,9.2,.781,.000,1.000,13.1,16.3,14.7,5.7,0.8,3.0,41.0,6.9,0.1,0.0,0.1,.084,-4.0,-1.1,-5.1,0.0,,simsje01
361,Xavier Tillman Sr.,27,BOS,C,7,0,61,15.8,.556,.444,.000,12.0,18.1,14.9,8.9,2.5,1.7,5.3,13.2,0.1,0.1,0.2,.165,0.5,1.2,1.7,0.1,,tillmxa01
362,Kobe Brown,26,LAC,PF,7,0,60,11.2,.588,.545,.364,8.0,20.7,14.6,15.9,0.0,0.0,19.0,11.6,0.1,0.0,0.1,.070,-1.0,-1.2,-2.3,0.0,,brownko01
363,Tristan Vukcevic,22,WAS,C,10,0,59,11.3,.549,.455,.455,1.8,13.9,7.9,9.9,0.8,5.8,15.9,22.1,-0.1,0.0,0.0,-0.039,-3.3,-1.2,-4.5,0.0,,vukcetr01
364,Aaron Holiday,29,HOU,PG,7,0,58,16.9,.751,.611,.500,0.0,7.5,3.9,16.4,0.9,1.7,18.5,19.1,0.2,0.0,0.2,.178,2.3,-0.5,1.9,0.1,,holidaa01
365,Ariel Hukporti,23,NYK,C,8,2,56,7.2,.500,.000,.000,12.7,21.0,16.5,10.8,0.9,3.8,38.5,9.5,0.0,0.1,0.0,.029,-5.6,1.1,-4.5,0.0,,hukpoar01
366,Cody Martin,30,IND,SF,4,0,55,3.1,.277,.500,.600,1.7,26.6,13.0,4.9,3.4,3.4,24.0,12.2,-0.2,0.1,-0.1,-0.094,-10.2,1.8,-8.3,-0.1,,martico01
367,Carter Bryant,20,SAS,PF,8,0,54,1.0,.381,.524,.143,0.0,16.3,8.5,0.0,1.8,1.8,15.2,20.7,-0.2,0.1,-0.1,-0.109,-9.9,-2.4,-12.3,-0.1,,bryanca01
368,Thomas Bryant,28,CLE,C,8,0,54,12.0,.429,.455,.136,9.4,21.2,15.0,2.7,2.6,5.1,4.1,18.2,-0.1,0.1,0.0,.039,-5.5,-0.4,-5.8,-0.1,,bryanth01
369,Bobi Klintman,22,DET,SF,6,0,53,4.2,.381,.524,.143,10.0,21.9,15.9,9.9,1.8,0.0,18.3,21.0,-0.2,0.1,-0.1,-0.063,-8.7,-2.0,-10.6,-0.1,,klintbo01
370,Matisse Thybulle,28,POR,SG,4,0,49,21.4,.850,.600,.400,0.0,9.6,4.5,8.1,9.5,0.0,7.8,10.3,0.2,0.1,0.3,.265,0.5,10.3,10.7,0.2,,thybuma01
371,Kyle Anderson,32,UTA,SF,3,0,49,12.2,.523,.000,.412,6.4,8.9,7.6,27.8,1.0,0.0,13.0,19.1,0.0,0.0,0.1,.057,-1.7,-0.3,-2.0,0.0,,anderky01
372,Jordan Miller,26,LAC,SF,3,0,49,18.6,.717,.563,.500,7.4,11.5,9.5,9.4,1.0,0.0,13.3,20.4,0.1,0.0,0.2,.147,4.8,-2.8,2.1,0.1,,millejo02
373,Maxi Kleber,34,LAL,PF,3,0,48,9.6,.717,.750,.500,5.2,11.7,8.6,10.1,1.0,4.1,0.0,4.4,0.1,0.0,0.1,.140,-0.7,1.9,1.2,0.0,,klebima01
374,Noah Penda,21,ORL,SF,7,0,47,16.8,.666,.182,.364,14.6,16.1,15.4,18.4,1.0,3.6,19.0,14.2,0.1,0.1,0.2,.177,1.0,0.7,1.6,0.0,,pendano01
375,Luke Travers,24,CLE,SG,6,0,47,8.9,.268,.375,.375,8.7,17.0,12.6,10.2,3.0,7.8,5.1,16.9,-0.1,0.1,0.0,-0.011,-5.9,1.5,-4.4,0.0,,travelu01
376,Bismack Biyombo,33,SAS,C,6,0,46,3.6,.500,.000,.000,5.3,9.5,7.5,5.0,3.1,2.1,50.0,3.7,0.0,0.1,0.1,.059,-6.7,2.7,-4.0,0.0,,biyombi01
377,Caleb Love,24,POR,SG,5,0,45,7.2,.340,.600,.000,2.3,23.4,12.2,24.5,1.0,0.0,3.8,22.9,-0.1,0.0,0.0,-0.048,-4.4,-3.0,-7.4,-0.1,,loveca01
378,Ryan Nembhard,22,DAL,PG,5,0,45,4.9,.490,.267,.200,2.4,0.0,1.2,30.7,0.0,0.0,26.9,20.7,-0.1,0.0,-0.1,-0.086,-5.8,-4.3,-10.1,-0.1,,nembhry01
379,T.J. McConnell,33,IND,PG,3,0,43,12.9,.413,.194,.032,2.2,5.2,3.6,32.7,2.2,0.0,0.0,29.6,0.0,0.0,0.0,-0.029,-3.7,-2.9,-6.6,0.0,,mccontj01
380,Jalen Pickett,26,DEN,SG,6,1,42,9.0,.603,.500,.083,2.9,12.3,7.9,21.3,0.0,0.0,24.3,16.6,0.0,0.0,0.0,.056,-2.8,-1.1,-4.0,0.0,,pickeja02
381,Dalen Terry,23,CHI,SG,7,0,41,8.8,.515,.222,.667,0.0,7.4,3.9,12.4,1.1,4.0,7.9,12.9,0.0,0.0,0.0,.048,-3.3,0.5,-2.8,0.0,,terryda01
382,Lindy Waters III,28,SAS,SG,5,0,41,11.4,.750,1.000,.000,0.0,10.7,5.6,9.6,0.0,0.0,0.0,10.3,0.1,0.0,0.1,.163,1.8,-0.7,1.1,0.0,,waterli01
383,Rayan Rupert,21,POR,SG,7,0,40,2.0,.304,.667,.222,2.6,20.5,11.0,6.0,2.3,0.0,9.2,10.8,-0.1,0.0,0.0,-0.032,-9.1,-0.8,-9.9,-0.1,,ruperra01
384,Brandon Miller,23,CHO,SF,2,2,40,13.9,.493,.440,.400,0.0,0.0,0.0,33.6,1.2,2.2,9.3,33.8,0.0,0.0,0.0,.016,-3.5,-2.6,-6.1,0.0,,millebr02
385,Jae'Sean Tate,30,HOU,SF,7,0,39,2.0,.364,.273,.000,3.0,13.9,8.6,3.2,1.3,0.0,8.3,12.7,0.0,0.0,0.0,-0.014,-9.5,-2.1,-11.6,-0.1,,tateja01
386,AJ Johnson,21,WAS,SG,8,0,38,1.3,.274,.182,.364,5.5,8.1,6.8,13.2,0.0,0.0,7.3,15.0,-0.1,0.0,-0.1,-0.143,-7.9,-4.9,-12.7,-0.1,,johnsaj01
387,Jevon Carter,30,CHI,PG,3,0,38,20.6,.957,.875,.250,3.0,5.3,4.2,20.9,2.5,0.0,10.1,10.8,0.2,0.0,0.2,.246,6.0,1.4,7.4,0.1,,carteje01
388,Kelly Olynyk,34,SAS,C,4,0,37,18.9,.688,.125,.000,16.4,17.8,17.1,46.9,0.0,0.0,27.3,12.6,0.1,0.0,0.2,.236,3.8,3.5,7.3,0.1,,olynyke01
389,Johnny Furphy,21,IND,SG,3,0,37,4.8,.667,.500,.000,2.5,15.2,8.3,0.0,2.5,0.0,33.3,9.8,0.0,0.0,0.0,-0.017,-7.2,1.2,-6.0,0.0,,furphjo01
390,Rasheer Fleming,21,PHO,PF,7,0,36,7.4,.400,.600,.000,12.6,6.3,9.5,7.5,1.3,2.6,6.3,18.6,0.0,0.0,0.0,.006,-5.2,-3.4,-8.6,-0.1,,flemira01
391,Khaman Maluach,19,PHO,C,7,0,35,6.5,.618,.429,1.143,3.2,16.2,9.7,3.6,0.0,10.9,32.2,18.5,-0.1,0.0,0.0,-0.012,-10.6,1.0,-9.6,-0.1,,maluakh01
392,Jonathan Mogbo,24,TOR,PF,7,0,35,11.6,.500,.000,.000,9.7,18.6,14.2,13.7,1.4,5.4,14.3,8.4,0.0,0.1,0.1,.118,-1.4,2.0,0.6,0.0,,mogbojo01
393,Malaki Branham,22,WAS,SG,5,0,34,19.1,.654,.455,.727,9.2,15.1,12.1,13.1,0.0,0.0,6.4,18.9,0.1,0.0,0.1,.144,2.9,-2.6,0.2,0.0,,branhma01
394,Mac McClung,27,IND,SG,3,0,34,13.2,.481,.556,.222,0.0,13.2,6.0,5.1,6.9,2.7,9.2,25.9,-0.1,0.1,0.0,.011,-5.7,5.9,0.2,0.0,,mccluma01
395,Dylan Cardwell,24,SAC,C,3,1,33,2.5,.363,.167,.333,6.6,10.6,8.5,0.0,2.8,8.4,22.5,11.3,-0.1,0.0,0.0,-0.061,-12.1,0.3,-11.8,-0.1,,cardwdy01
396,Nolan Traoré,19,BRK,PG,3,0,33,1.5,.354,.667,.222,0.0,3.8,1.7,16.6,3.0,0.0,16.8,15.3,-0.1,0.0,-0.1,-0.110,-9.2,-2.2,-11.3,-0.1,,traorno01
397,Caleb Houstan,23,ATL,SF,5,0,32,12.8,.751,.750,.375,10.5,0.0,5.1,8.2,1.5,2.9,24.4,16.2,0.0,0.0,0.1,.108,-1.1,-1.7,-2.8,0.0,,houstca01
398,Jared McCain,21,PHI,SG,3,0,31,-7.7,.000,.222,.000,0.0,7.1,3.6,14.9,1.5,0.0,10.0,13.4,-0.2,0.0,-0.2,-0.239,-14.2,-2.1,-16.3,-0.1,,mccaija01
399,Charles Bassey,25,MEM,C,2,0,31,12.6,.376,.000,.375,23.5,27.8,25.6,9.2,1.5,3.0,9.7,13.8,0.0,0.0,0.0,.070,-3.6,-1.1,-4.8,0.0,,bassech01
400,Joan Beringer,19,MIN,PF,8,0,30,12.5,.806,.000,.143,3.9,24.8,14.8,0.0,1.6,3.0,21.2,13.4,0.0,0.0,0.1,.098,-5.2,1.0,-4.2,0.0,,berinjo01
401,Jase Richardson,20,ORL,SG,7,0,30,-0.9,.255,.600,.400,0.0,3.6,1.9,25.4,0.0,0.0,33.8,12.5,-0.1,0.0,-0.1,-0.127,-6.5,-2.5,-9.0,-0.1,,richaja02
402,Mason Plumlee,35,CHO,C,6,0,30,7.1,.798,.000,2.000,3.9,14.9,9.5,8.6,0.0,0.0,34.7,8.0,0.0,0.0,0.0,.016,-4.0,-1.3,-5.3,0.0,,plumlma01
403,Bryce McGowens,23,NOP,SG,5,0,30,13.6,.518,.200,.800,0.0,4.0,1.8,15.0,3.3,0.0,6.9,20.4,0.0,0.0,0.0,.043,-2.6,-0.2,-2.9,0.0,,mcgowbr01
404,Jalen Green,23,PHO,SG,2,2,30,28.9,.615,.609,.217,7.6,7.5,7.6,26.0,3.2,0.0,7.4,37.9,0.1,0.0,0.1,.196,10.8,0.4,11.2,0.1,,greenja05
405,Coby White,25,CHI,SG,1,0,30,27.1,.670,.571,1.000,0.0,13.5,7.1,37.0,1.6,0.0,13.0,32.2,0.2,0.0,0.2,.295,5.3,-0.2,5.1,0.0,,whiteco01
406,Yang Hansen,20,POR,C,5,0,29,1.8,.387,.333,.667,10.7,4.0,7.6,0.0,0.0,6.1,20.5,20.0,-0.1,0.0,-0.1,-0.130,-10.5,-3.6,-14.2,-0.1,,yangha01
407,GG Jackson II,21,MEM,PF,6,0,28,7.1,.351,.429,.500,3.7,7.7,5.7,5.4,5.0,0.0,0.0,25.2,-0.1,0.0,0.0,-0.081,-6.8,-0.4,-7.2,0.0,,jacksgg01
408,Dario Šarić,31,SAC,C,3,0,28,5.0,.425,.400,.400,3.9,16.7,10.0,8.6,0.0,0.0,14.5,10.4,0.0,0.0,0.0,-0.036,-3.3,-2.1,-5.4,0.0,,saricda01
409,Wendell Moore Jr.,24,DET,SG,2,0,28,13.5,.750,.250,.000,3.8,3.8,3.8,13.7,1.7,3.5,0.0,5.8,0.1,0.0,0.1,.172,-0.7,2.5,1.7,0.0,,moorewe01
410,PJ Hall,23,MEM,C,7,0,27,18.8,.630,.333,.333,11.6,23.9,17.6,12.1,0.0,7.0,8.8,17.3,0.1,0.0,0.1,.151,1.2,0.0,1.2,0.0,,hallpj01
411,Leonard Miller,22,MIN,SF,7,0,27,13.8,.615,.300,.500,4.3,27.6,16.5,5.5,1.8,0.0,19.7,23.9,0.0,0.0,0.0,.036,-5.5,-0.8,-6.3,0.0,,millele01
412,Tyson Etienne,26,BRK,PG,5,0,25,-5.7,.273,.909,.000,0.0,0.0,0.0,0.0,0.0,0.0,0.0,18.7,-0.1,0.0,-0.1,-0.231,-12.5,-7.1,-19.6,-0.1,,etienty01
413,E.J. Liddell,25,BRK,PF,5,0,25,9.2,.487,.727,.273,4.2,29.7,16.0,0.0,0.0,0.0,0.0,20.9,0.0,0.0,0.0,.002,-3.5,-4.9,-8.5,0.0,,liddeej01
414,Zach Edey,23,MEM,C,1,1,25,19.0,.593,.143,1.286,8.3,21.5,14.8,0.0,3.8,7.5,8.4,19.8,0.0,0.1,0.1,.177,-1.0,4.6,3.6,0.0,,edeyza01
415,JD Davison,23,HOU,PG,5,0,24,14.9,.619,.750,.250,0.0,0.0,0.0,11.2,2.1,4.0,0.0,15.2,0.1,0.0,0.1,.165,1.5,0.2,1.7,0.0,,davisjd01
416,DeAndre Jordan,37,NOP,C,2,1,23,18.9,.765,.000,.400,17.6,31.7,24.0,0.0,0.0,0.0,14.5,12.6,0.1,0.0,0.1,.124,2.0,-3.3,-1.2,0.0,,jordade01
417,Andre Jackson Jr.,24,MIL,SG,6,0,22,6.4,.000,.500,.000,5.2,5.0,5.1,30.1,4.4,4.1,50.0,7.9,0.0,0.0,0.0,-0.007,-5.4,3.3,-2.1,0.0,,jacksan01
418,Yanic Konan Niederhauser,22,LAC,C,5,0,22,35.8,.825,.000,1.000,16.4,15.4,15.9,18.3,0.0,4.5,8.0,25.2,0.1,0.0,0.2,.341,8.5,0.8,9.3,0.1,,konanya01
419,Keshad Johnson,24,MIA,SF,4,0,22,2.1,.292,.500,.000,5.0,21.9,14.0,0.0,4.1,0.0,7.7,24.1,-0.1,0.0,-0.1,-0.174,-11.5,-2.2,-13.7,-0.1,,johnske10
420,Tolu Smith,25,DET,PF,2,0,22,36.3,.767,.000,.875,19.2,33.6,26.4,14.7,2.2,4.4,8.3,22.4,0.1,0.1,0.2,.410,9.9,3.8,13.7,0.1,,smithto05
421,Zeke Nnaji,25,DEN,PF,6,0,21,8.5,.661,.571,.429,5.7,4.9,5.3,13.0,0.0,0.0,19.4,20.8,0.0,0.0,0.0,.084,-6.7,-1.3,-8.0,0.0,,nnajize01
422,Jeff Green,39,HOU,PF,5,0,21,21.5,1.000,1.000,.000,5.5,5.1,5.3,0.0,0.0,4.6,0.0,11.8,0.1,0.0,0.1,.256,8.3,-0.7,7.6,0.1,,greenje02
423,Mark Sears,23,MIL,PG,5,0,21,17.2,.759,.556,.889,5.4,0.0,2.7,7.1,0.0,0.0,24.2,34.1,0.0,0.0,0.0,.045,4.0,-4.2,-0.2,0.0,,searsma01
424,Eric Gordon,37,PHI,SG,3,0,21,8.4,.800,.800,.000,0.0,0.0,0.0,6.6,2.3,0.0,28.6,13.9,0.0,0.0,0.0,.025,-2.0,-0.7,-2.7,0.0,,gordoer01
425,Jamir Watkins,24,WAS,SG,3,0,21,9.5,.750,.250,.000,4.9,24.4,14.7,0.0,0.0,4.1,20.0,9.9,0.0,0.0,0.0,.037,-6.5,-2.5,-9.0,0.0,,watkija01
426,Antonio Reeves,25,CHO,SG,2,0,21,12.6,.750,.833,.000,5.6,5.3,5.5,0.0,0.0,0.0,0.0,11.9,0.1,0.0,0.0,.112,2.8,-1.3,1.5,0.0,,reevean01
427,James Wiseman,24,IND,C,1,1,20,5.3,.667,.000,.000,18.8,0.0,10.2,0.0,0.0,4.6,50.0,12.1,0.0,0.0,0.0,-0.080,-9.3,-4.7,-13.9,-0.1,,wisemja01
428,Johnny Juzang,24,MIN,SG,6,0,18,2.1,.381,.714,.286,6.5,11.8,9.3,7.1,0.0,0.0,11.3,21.0,0.0,0.0,0.0,-0.101,-7.6,-4.7,-12.3,0.0,,juzanjo01
429,Hunter Tyson,25,DEN,PF,5,0,17,-4.8,.000,.571,.000,7.0,54.8,32.7,0.0,2.8,0.0,0.0,17.4,-0.1,0.1,-0.1,-0.219,-15.8,-3.9,-19.8,-0.1,,tysonhu01
430,Isaac Jones,25,SAC,PF,3,1,17,5.5,.521,.500,1.000,12.8,0.0,6.6,7.3,0.0,0.0,0.0,7.1,0.0,0.0,0.0,.060,-6.1,-2.2,-8.2,0.0,,jonesis01
431,Joe Ingles,38,MIN,SF,4,0,16,2.6,.000,1.000,.000,0.0,0.0,0.0,34.8,0.0,0.0,0.0,5.3,0.0,0.0,0.0,.011,-3.7,-0.1,-3.8,0.0,,inglejo01
432,Jahmyl Telfort,24,LAC,PF,3,0,16,-7.2,.133,1.000,2.000,0.0,14.1,7.3,7.7,0.0,0.0,21.0,13.2,-0.1,0.0,-0.1,-0.253,-13.4,-3.9,-17.3,-0.1,,telfoja01
433,Mohamed Diawara,20,NYK,SF,6,0,15,9.6,.717,.250,.500,0.0,7.8,3.6,9.6,0.0,0.0,17.0,16.0,0.0,0.0,0.0,.020,-2.0,-1.3,-3.3,0.0,,diawamo01
434,N'Faly Dante,24,ATL,C,4,0,15,12.5,.338,.000,.250,22.4,28.0,25.3,0.0,6.3,0.0,18.4,15.3,0.0,0.0,0.0,.062,-4.0,-1.1,-5.1,0.0,,nfalyda01
435,Ron Harper Jr.,25,BOS,SF,3,0,15,21.5,.571,.857,.000,6.9,14.7,10.7,29.4,0.0,6.7,0.0,19.8,0.1,0.0,0.1,.252,6.3,2.8,9.1,0.0,,harpero02
436,Pacome Dadiet,20,NYK,SG,5,0,14,8.7,.410,.250,.500,0.0,25.2,11.7,17.3,0.0,0.0,0.0,14.3,0.0,0.0,0.0,.070,-5.4,-0.5,-5.9,0.0,,dadiepa01
437,Daeqwon Plowden,27,SAC,SG,1,0,14,-0.1,.200,.600,.000,15.5,0.0,8.0,0.0,0.0,0.0,0.0,15.1,0.0,0.0,-0.1,-0.181,-6.8,-6.0,-12.7,0.0,,plowdda01
438,Anthony Gill,33,WAS,PF,5,0,13,19.5,.922,.250,.500,8.0,23.6,15.9,0.0,0.0,0.0,29.1,22.0,0.0,0.0,0.0,.072,1.2,-2.3,-1.1,0.0,,gillan01
439,Harrison Ingram,23,SAS,SF,3,0,11,20.5,.833,.333,.000,33.1,0.0,15.7,0.0,0.0,0.0,0.0,11.6,0.1,0.0,0.1,.276,7.2,-2.9,4.3,0.0,,ingraha01
440,David Jones García,24,SAS,SF,3,0,11,31.5,.541,.000,.429,22.0,10.0,15.7,69.9,0.0,0.0,0.0,32.1,0.1,0.0,0.1,.346,8.6,0.8,9.4,0.0,,jonesda06
441,Jahmir Young,25,MIA,PG,2,0,10,-1.0,.333,.333,.000,0.0,9.6,5.1,23.9,0.0,0.0,25.0,16.3,0.0,0.0,0.0,-0.132,-11.6,-2.8,-14.4,0.0,,youngja05
442,Thanasis Antetokounmpo,33,MIL,SF,4,0,9,17.0,.500,.000,.000,0.0,12.3,6.2,0.0,5.3,20.2,0.0,9.6,0.0,0.0,0.0,.121,-2.4,8.9,6.5,0.0,,antetth01
443,Jacob Toppin,25,ATL,SF,3,0,9,18.2,.750,.000,.000,0.0,11.7,6.0,0.0,0.0,0.0,0.0,18.7,0.0,0.0,0.0,.152,-0.4,-0.8,-1.2,0.0,,toppija01
444,Kevin Porter Jr.,25,MIL,PG,1,1,9,45.6,.850,.600,.400,0.0,0.0,0.0,38.7,5.3,0.0,0.0,28.3,0.1,0.0,0.1,.565,15.3,4.1,19.4,0.1,,porteke02
445,Riley Minix,25,SAS,SF,3,0,8,45.6,.750,.500,.000,15.1,13.7,14.4,32.6,6.0,0.0,0.0,31.8,0.1,0.0,0.1,.436,17.6,7.0,24.6,0.1,,minixri01
446,Trey Jemison,26,NYK,C,1,0,8,6.1,,,,12.7,14.7,13.6,0.0,0.0,0.0,,0.0,0.0,0.0,0.0,.078,-0.6,-2.4,-3.0,0.0,,jemistr01
447,Doug McDermott,34,SAC,SF,1,0,8,15.6,1.000,1.000,.000,0.0,0.0,0.0,0.0,0.0,0.0,25.0,21.1,0.0,0.0,0.0,-0.007,5.8,-1.7,4.0,0.0,,mcderdo01
448,Hunter Sallis,22,PHI,SG,3,0,7,0.0,1.000,.000,.000,0.0,15.8,7.9,19.7,0.0,0.0,66.7,17.8,0.0,0.0,0.0,-0.191,-10.8,-1.9,-12.7,0.0,,sallihu01
449,Chris Mañon,24,LAL,SG,2,0,7,-0.6,.000,1.000,.000,0.0,32.2,16.9,0.0,0.0,14.2,0.0,6.1,0.0,0.0,0.0,-0.048,-12.1,2.8,-9.3,0.0,,manonch01
450,Amari Williams,24,BOS,PF,2,0,7,21.7,.500,.000,.000,14.9,15.8,15.3,19.4,7.1,0.0,0.0,12.1,0.0,0.0,0.0,.256,1.5,5.7,7.2,0.0,,william01
451,Colby Jones,23,DET,SG,1,0,7,13.2,.333,.667,.000,0.0,60.4,30.2,38.1,0.0,0.0,0.0,17.5,0.0,0.0,0.0,.124,-3.3,5.3,2.1,0.0,,jonesco02
452,Johni Broome,23,PHI,PF,2,0,6,22.3,.400,.200,.000,36.6,0.0,18.4,31.2,0.0,0.0,0.0,34.6,0.0,0.0,0.0,.070,2.2,-7.0,-4.8,0.0,,broomjo01
453,Christian Koloko,25,LAL,C,2,0,6,-0.4,,,,0.0,18.8,9.9,0.0,0.0,0.0,,0.0,0.0,0.0,0.0,.031,-6.7,-1.2,-8.0,0.0,,kolokch01
454,Garrett Temple,39,TOR,SG,2,0,6,0.0,.000,1.000,.000,0.0,0.0,0.0,0.0,0.0,15.8,0.0,7.0,0.0,0.0,0.0,-0.112,-4.8,-0.1,-4.9,0.0,,templga01
455,Danny Wolf,21,BRK,PF,2,0,6,21.0,.532,.000,2.000,0.0,41.3,19.0,42.2,0.0,0.0,0.0,13.3,0.0,0.0,0.0,.218,5.5,4.2,9.6,0.0,,wolfda01
456,Hunter Dickinson,25,NOP,C,1,0,5,-11.4,.500,.000,.000,0.0,0.0,0.0,0.0,0.0,21.2,50.0,33.7,-0.1,0.0,-0.1,-0.547,-27.2,0.2,-27.0,0.0,,dickihu01
457,Adou Thiero,21,LAL,SF,1,0,5,37.0,1.064,.000,2.000,25.0,0.0,11.8,0.0,0.0,0.0,0.0,16.2,0.1,0.0,0.1,.518,15.5,0.0,15.5,0.0,,thierad01
458,Sharife Cooper,24,WAS,PG,2,0,4,-11.9,,,,0.0,0.0,0.0,0.0,0.0,0.0,100.0,10.4,0.0,0.0,0.0,-0.378,-14.2,-7.6,-21.8,0.0,,coopesh01
459,DaRon Holmes,23,DEN,PF,2,0,4,24.6,1.500,1.000,.000,0.0,0.0,0.0,0.0,0.0,0.0,0.0,10.6,0.0,0.0,0.0,.217,10.5,1.3,11.8,0.0,,holmeda01
460,Koby Brea,23,PHO,SG,1,0,4,35.3,.694,.500,1.000,0.0,0.0,0.0,39.8,0.0,0.0,0.0,30.1,0.0,0.0,0.0,.467,6.7,-2.0,4.7,0.0,,breako01
461,Pete Nance,25,MIL,PF,1,0,4,86.6,1.000,.600,.000,0.0,27.6,14.0,0.0,0.0,0.0,0.0,54.1,0.1,0.0,0.1,1.492,51.1,7.6,58.7,0.1,,nancepe01
462,Myron Gardner,24,MIA,SF,1,0,3,39.1,1.500,1.000,.000,0.0,32.1,17.1,55.3,0.0,0.0,0.0,13.6,0.0,0.0,0.0,.670,16.0,13.6,29.6,0.0,,gardnmy01
463,Kyle Lowry,39,PHI,PG,1,0,3,63.5,1.500,1.000,.000,0.0,0.0,0.0,62.4,16.0,0.0,0.0,13.9,0.0,0.0,0.1,.884,27.2,22.2,49.4,0.0,,lowryky01
464,Miles Kelly,23,DAL,PG,1,0,2,-31.0,,,,0.0,0.0,0.0,0.0,0.0,0.0,100.0,20.9,0.0,0.0,0.0,-0.639,-25.9,-8.8,-34.7,0.0,,kellymi02
465,Orlando Robinson,25,ORL,C,1,0,2,-7.5,,,,0.0,0.0,0.0,0.0,0.0,0.0,,0.0,0.0,0.0,0.0,.021,-17.6,-0.8,-18.4,0.0,,robinor01
466,Jamal Cain,26,ORL,SF,1,0,0,,,,,,,,,,,,,0.0,0.0,0.0,,,,,0.0,,cainja01
,League Average,,,,,,,,.583,.419,.288,5.3,14.7,10.0,16.3,1.7,1.9,12.6,19.9,,,,,,,,,,-9999