Rk,Tm,Player,College,Year
1.0,NJN,Kenyon Martin,Cincinnati,2000
2.0,VAN,Stromile Swift,LSU,2000
3.0,LAC,Darius Miles,,2000
4.0,CHI,Marcus Fizer,Iowa State,2000
5.0,ORL,Mike Miller,Florida,2000
6.0,ATL,DerMarr Johnson,Cincinnati,2000
7.0,CHI,Chris Mihm,Texas,2000
8.0,CLE,Jamal Crawford,Michigan,2000
9.0,HOU,Joel Przybilla,Minnesota,2000
10.0,ORL,Keyon Dooling,Missouri,2000
11.0,BOS,Jérôme Moïso,UCLA,2000
12.0,DAL,Etan Thomas,Syracuse,2000
13.0,ORL,Courtney Alexander,Fresno State,2000
14.0,DET,Mateen Cleaves,Michigan State,2000
15.0,MIL,Jason Collier,Georgia Tech,2000
16.0,SAC,Hedo Türkoğlu,,2000
17.0,SEA,Desmond Mason,Oklahoma State,2000
18.0,LAC,Quentin Richardson,DePaul,2000
19.0,CHH,Jamaal Magloire,Kentucky,2000
20.0,PHI,Speedy Claxton,Hofstra,2000
21.0,TOR,Morris Peterson,Michigan State,2000
22.0,NYK,Donnell Harvey,Florida,2000
23.0,UTA,DeShawn Stevenson,,2000
24.0,CHI,Dalibor Bagarić,,2000
25.0,PHO,Jake Tsakalidis,,2000
26.0,DEN,Mamadou N'Diaye,Auburn,2000
27.0,IND,Primož Brezec,,2000
28.0,POR,Erick Barkley,St. John's,2000
29.0,LAL,Mark Madsen,Stanford,2000
30.0,LAC,Marko Jarić,,2000
31.0,DAL,Dan Langhi,Vanderbilt,2000
32.0,CHI,A.J. Guyton,Indiana,2000
33.0,CHI,Jake Voskuhl,UConn,2000
34.0,CHI,Khalid El-Amin,UConn,2000
35.0,WAS,Mike Smith,Louisiana-Monroe,2000
36.0,NJN,Soumaila Samake,,2000
37.0,MIA,Eddie House,Arizona State,2000
38.0,HOU,Eduardo Nájera,Oklahoma,2000
39.0,NYK,Lavor Postell,St. John's,2000
40.0,ATL,Hanno Möttölä,Utah,2000
41.0,SAS,Chris Carrawell,Duke,2000
42.0,SEA,Olumide Oyedeji,,2000
43.0,MIL,Michael Redd,Ohio State,2000
44.0,DET,Brian Cardinal,Purdue,2000
45.0,SAC,Jabari Smith,LSU,2000
46.0,TOR,DeeAndre Hulett,College of the Sequoias,2000
47.0,SEA,Josip Sesar,,2000
48.0,PHI,Mark Karcher,Temple,2000
49.0,MIL,Jason Hart,Syracuse,2000
50.0,UTA,Kaniel Dickens,Idaho,2000
51.0,MIN,Igor Rakočević,,2000
52.0,MIA,Ernest Brown,Indian Hills Community College,2000
53.0,DEN,Dan McClintock,Northern Arizona University,2000
54.0,SAS,Cory Hightower,Indian Hills Community College,2000
55.0,GSW,Chris Porter,Auburn,2000
56.0,IND,Jaquay Walls,Colorado,2000
57.0,ATL,Scoonie Penn,Ohio State,2000
58.0,DAL,Pete Mickeal,Cincinnati,2000
1.0,WAS,Kwame Brown,,2001
2.0,LAC,Tyson Chandler,,2001
3.0,ATL,Pau Gasol,,2001
4.0,CHI,Eddy Curry,,2001
5.0,GSW,Jason Richardson,Michigan State,2001
6.0,MEM,Shane Battier,Duke,2001
7.0,NJN,Eddie Griffin,Seton Hall,2001
8.0,CLE,DeSagana Diop,,2001
9.0,DET,Rodney White,UNC Charlotte,2001
10.0,BOS,Joe Johnson,Arkansas,2001
11.0,BOS,Kedrick Brown,Okaloosa-Walton Community College,2001
12.0,SEA,Vladimir Radmanović,,2001
13.0,HOU,Richard Jefferson,Arizona,2001
14.0,GSW,Troy Murphy,Notre Dame,2001
15.0,ORL,Steven Hunter,DePaul,2001
16.0,CHH,Kirk Haston,Indiana,2001
17.0,TOR,Michael Bradley,Villanova,2001
18.0,HOU,Jason Collins,Stanford,2001
19.0,POR,Zach Randolph,Michigan State,2001
20.0,CLE,Brendan Haywood,UNC,2001
21.0,BOS,Joseph Forte,UNC,2001
22.0,ORL,Jeryl Sasser,SMU,2001
23.0,HOU,Brandon Armstrong,Pepperdine,2001
24.0,UTA,Raül López,,2001
25.0,SAC,Gerald Wallace,Alabama,2001
26.0,PHI,Samuel Dalembert,Seton Hall,2001
27.0,MEM,Jamaal Tinsley,Iowa State,2001
28.0,SAS,Tony Parker,,2001
,,,,2001
30.0,CHI,Trenton Hassell,Austin Peay State University,2001
31.0,GSW,Gilbert Arenas,Arizona,2001
32.0,ORL,Omar Cook,St. John's,2001
33.0,MEM,Will Solomon,Clemson,2001
34.0,ATL,Terence Morris,Maryland,2001
35.0,NJN,Brian Scalabrine,USC,2001
36.0,CLE,Jeff Trepagnier,USC,2001
37.0,PHI,Damone Brown,Syracuse,2001
38.0,DET,Mehmet Okur,,2001
39.0,NYK,Michael Wright,Arizona,2001
40.0,SEA,Earl Watson,UCLA,2001
41.0,IND,Jamison Brewer,Auburn,2001
42.0,SEA,Bobby Simmons,DePaul,2001
43.0,NYK,Eric Chenowith,Kansas,2001
44.0,DAL,Kyle Hill,Eastern Illinois University,2001
45.0,CHI,Sean Lampley,California,2001
46.0,MIN,Loren Woods,Arizona,2001
47.0,DEN,Ousmane Cisse,,2001
48.0,MEM,Antonis Fotsis,,2001
49.0,MIA,Ken Johnson,Ohio State,2001
50.0,POR,Ruben Boumtje-Boumtje,Georgetown,2001
51.0,PHO,Alton Ford,Houston,2001
52.0,MIL,Andre Hutson,Michigan State,2001
53.0,UTA,Jarron Collins,Stanford,2001
54.0,DAL,Kenny Satterfield,Cincinnati,2001
55.0,SAC,Maurice Jeffers,Saint Louis,2001
56.0,SAS,Robertas Javtokas,,2001
57.0,PHI,Alvin Jones,Georgia Tech,2001
58.0,SAS,Bryan Bracey,Oregon,2001
1.0,HOU,Yao Ming,,2002
2.0,CHI,Jay Williams,Duke,2002
3.0,GSW,Mike Dunleavy,Duke,2002
4.0,MEM,Drew Gooden,Kansas,2002
5.0,DEN,Nikoloz Tskitishvili,,2002
6.0,CLE,Dajuan Wagner,Memphis,2002
7.0,NYK,Nenê,,2002
8.0,LAC,Chris Wilcox,Maryland,2002
9.0,PHO,Amar'e Stoudemire,,2002
10.0,MIA,Caron Butler,UConn,2002
11.0,WAS,Jared Jeffries,Indiana,2002
12.0,LAC,Melvin Ely,Fresno State,2002
13.0,MIL,Marcus Haislip,Tennessee,2002
14.0,IND,Fred Jones,Oregon,2002
15.0,HOU,Boštjan Nachbar,,2002
16.0,PHI,Jiří Welsch,,2002
17.0,WAS,Juan Dixon,Maryland,2002
18.0,ORL,Curtis Borchardt,Stanford,2002
19.0,UTA,Ryan Humphrey,Notre Dame,2002
20.0,TOR,Kareem Rush,Missouri,2002
21.0,POR,Qyntel Woods,Northeast Mississippi Community College,2002
22.0,PHO,Casey Jacobsen,Stanford,2002
23.0,DET,Tayshaun Prince,Kentucky,2002
24.0,NJN,Nenad Krstić,,2002
25.0,DEN,Frank Williams,Illinois,2002
26.0,SAS,John Salmons,Miami (FL),2002
27.0,LAL,Chris Jefferies,Fresno State,2002
28.0,SAC,Dan Dickau,Gonzaga,2002
,,,,2002
30.0,GSW,Steve Logan,Cincinnati,2002
31.0,CHI,Roger Mason,Virginia,2002
32.0,MEM,Robert Archibald,Illinois,2002
33.0,DEN,Vincent Yarbrough,Tennessee,2002
34.0,MIL,Dan Gadzuric,UCLA,2002
35.0,CLE,Carlos Boozer,Duke,2002
36.0,NYK,Milos Vujanic,,2002
37.0,ATL,David Andersen,,2002
38.0,HOU,Tito Maddox,Fresno State,2002
39.0,WAS,Rod Grizzard,Alabama,2002
40.0,WAS,Juan Carlos Navarro,,2002
41.0,LAC,Mario Kasun,,2002
42.0,MIL,Ronald Murray,Shaw,2002
43.0,POR,Jason Jennings,Arkansas State University,2002
44.0,CHI,Lonny Baxter,Maryland,2002
45.0,PHI,Sam Clancy,USC,2002
46.0,MEM,Matt Barnes,UCLA,2002
47.0,UTA,Jamal Sampson,California,2002
48.0,MIL,Chris Owens,Texas,2002
49.0,SEA,Peter Fehse,,2002
50.0,BOS,Darius Songaila,Wake Forest,2002
51.0,POR,Federico Kammerichs,,2002
52.0,MIN,Marcus Taylor,Michigan State,2002
53.0,MIA,Rasual Butler,La Salle,2002
54.0,NJN,Tamar Slay,Marshall,2002
55.0,DAL,Mladen Sekularac,,2002
56.0,SAS,Luis Scola,,2002
57.0,SAS,Randy Holcomb,San Diego State,2002
58.0,SAC,Corsley Edwards,Central Connecticut State University,2002
1.0,CLE,LeBron James,,2003
2.0,DET,Darko Miličić,,2003
3.0,DEN,Carmelo Anthony,Syracuse,2003
4.0,TOR,Chris Bosh,Georgia Tech,2003
5.0,MIA,Dwyane Wade,Marquette,2003
6.0,LAC,Chris Kaman,Central Michigan University,2003
7.0,CHI,Kirk Hinrich,Kansas,2003
8.0,MIL,T.J. Ford,Texas,2003
9.0,NYK,Mike Sweetney,Georgetown,2003
10.0,WAS,Jarvis Hayes,Georgia,2003
11.0,GSW,Mickaël Piétrus,,2003
12.0,SEA,Nick Collison,Kansas,2003
13.0,MEM,Marcus Banks,UNLV,2003
14.0,SEA,Luke Ridnour,Oregon,2003
15.0,ORL,Reece Gaines,Louisville,2003
16.0,BOS,Troy Bell,Boston College,2003
17.0,PHO,Žarko Čabarkapa,,2003
18.0,NOH,David West,Xavier,2003
19.0,UTA,Sasha Pavlović,,2003
20.0,BOS,Dahntay Jones,Duke,2003
21.0,ATL,Boris Diaw,,2003
22.0,NJN,Zoran Planinić,,2003
23.0,POR,Travis Outlaw,,2003
24.0,LAL,Brian Cook,Illinois,2003
25.0,DET,Carlos Delfino,,2003
26.0,MIN,Ndudi Ebi,,2003
27.0,MEM,Kendrick Perkins,,2003
28.0,SAS,Leandro Barbosa,,2003
29.0,DAL,Josh Howard,Wake Forest,2003
30.0,NYK,Maciej Lampe,,2003
31.0,CLE,Jason Kapono,UCLA,2003
32.0,LAL,Luke Walton,Arizona,2003
33.0,MIA,Jerome Beasley,University of North Dakota,2003
34.0,LAC,Sofoklis Schortsanitis,,2003
35.0,MIL,Szymon Szewczyk,,2003
36.0,CHI,Mario Austin,Mississippi State,2003
37.0,ATL,Travis Hansen,BYU,2003
38.0,WAS,Steve Blake,Maryland,2003
39.0,NYK,Slavko Vraneš,,2003
40.0,GSW,Derrick Zimmerman,Mississippi State,2003
41.0,SEA,Willie Green,Detroit Mercy,2003
42.0,ORL,Zaza Pachulia,,2003
43.0,MIL,Keith Bogans,Kentucky,2003
44.0,HOU,Malick Badiane,,2003
45.0,CHI,Matt Bonner,Florida,2003
46.0,DEN,Sani Bečirovič,,2003
47.0,UTA,Mo Williams,Alabama,2003
48.0,NOH,James Lang,,2003
49.0,IND,James Jones,Miami (FL),2003
50.0,PHI,Paccelis Morlende,,2003
51.0,NJN,Kyle Korver,Creighton,2003
52.0,TOR,Remon van de Hare,,2003
53.0,CHI,Tommy Smith,Arizona State,2003
54.0,POR,Nedžad Sinanović,,2003
55.0,MIN,Rick Rickert,Minnesota,2003
56.0,BOS,Brandon Hunter,Ohio University,2003
57.0,DAL,Xue Yuyang,,2003
58.0,DET,Andreas Glyniadakis,,2003
1.0,ORL,Dwight Howard,,2004
2.0,CHA,Emeka Okafor,UConn,2004
3.0,CHI,Ben Gordon,UConn,2004
4.0,LAC,Shaun Livingston,,2004
5.0,WAS,Devin Harris,Wisconsin,2004
6.0,ATL,Josh Childress,Stanford,2004
7.0,PHO,Luol Deng,Duke,2004
8.0,TOR,Rafael Araújo,BYU,2004
9.0,PHI,Andre Iguodala,Arizona,2004
10.0,CLE,Luke Jackson,Oregon,2004
11.0,GSW,Andris Biedriņš,,2004
12.0,SEA,Robert Swift,,2004
13.0,POR,Sebastian Telfair,,2004
14.0,UTA,Kris Humphries,Minnesota,2004
15.0,BOS,Al Jefferson,,2004
16.0,UTA,Kirk Snyder,Nevada,2004
17.0,ATL,Josh Smith,,2004
18.0,NOH,J.R. Smith,,2004
19.0,MIA,Dorell Wright,,2004
20.0,DEN,Jameer Nelson,Saint Joseph's,2004
21.0,UTA,Pavel Podkolzin,,2004
22.0,NJN,Viktor Khryapa,,2004
23.0,POR,Sergei Monia,,2004
24.0,BOS,Delonte West,Saint Joseph's,2004
25.0,BOS,Tony Allen,Oklahoma State,2004
26.0,SAC,Kevin Martin,Western Carolina University,2004
27.0,LAL,Sasha Vujačić,,2004
28.0,SAS,Beno Udrih,,2004
29.0,IND,David Harrison,Colorado,2004
,,,,2004
31.0,ORL,Anderson Varejão,,2004
32.0,CHI,Jackson Vroman,Iowa State,2004
33.0,WAS,Peter John Ramos,,2004
34.0,LAC,Lionel Chalmers,Xavier,2004
35.0,ATL,Donta Smith,Southeastern Illinois College,2004
36.0,SEA,Andre Emmett,Texas Tech,2004
37.0,ORL,Antonio Burks,Memphis,2004
38.0,ATL,Royal Ivey,Texas,2004
39.0,CHI,Chris Duhon,Duke,2004
40.0,TOR,Albert Miralles,,2004
41.0,BOS,Justin Reed,Ole Miss,2004
42.0,SEA,David Young,NC Central,2004
43.0,ATL,Viktor Sanikidze,,2004
44.0,NYK,Trevor Ariza,UCLA,2004
45.0,NOH,Tim Pickett,Florida State,2004
46.0,CHA,Bernard Robinson,Michigan,2004
47.0,POR,Ha Seung-Jin,,2004
48.0,MIA,Pape Sow,Cal State Fullerton,2004
49.0,SAC,Ricky Minard,Morehead State University,2004
50.0,MEM,Sergei Lishouk,,2004
51.0,DAL,Vassilis Spanoulis,,2004
52.0,NJN,Christian Drejer,Florida,2004
53.0,SAS,Romain Sato,Xavier,2004
54.0,MIA,Matt Freije,Vanderbilt,2004
55.0,DET,Rickey Paulding,Missouri,2004
56.0,HOU,Luis Flores,Manhattan University,2004
57.0,LAL,Marcus Douthit,Providence,2004
58.0,SAS,Sergei Karaulov,,2004
59.0,MIN,Blake Stepp,Gonzaga,2004
60.0,IND,Rashad Wright,Georgia,2004
1.0,MIL,Andrew Bogut,Utah,2005
2.0,ATL,Marvin Williams,UNC,2005
3.0,UTA,Deron Williams,Illinois,2005
4.0,NOH,Chris Paul,Wake Forest,2005
5.0,CHA,Raymond Felton,UNC,2005
6.0,POR,Martell Webster,,2005
7.0,TOR,Charlie Villanueva,UConn,2005
8.0,NYK,Channing Frye,Arizona,2005
9.0,GSW,Ike Diogu,Arizona State,2005
10.0,LAL,Andrew Bynum,,2005
11.0,ORL,Fran Vázquez,,2005
12.0,LAC,Yaroslav Korolev,,2005
13.0,CHA,Sean May,UNC,2005
14.0,MIN,Rashad McCants,UNC,2005
15.0,NJN,Antoine Wright,Texas A&M,2005
16.0,TOR,Joey Graham,Oklahoma State,2005
17.0,IND,Danny Granger,New Mexico,2005
18.0,BOS,Gerald Green,,2005
19.0,MEM,Hakim Warrick,Syracuse,2005
20.0,DEN,Julius Hodge,NC State,2005
21.0,PHO,Nate Robinson,Washington,2005
22.0,DEN,Jarrett Jack,Georgia Tech,2005
23.0,SAC,Francisco García,Louisville,2005
24.0,HOU,Luther Head,Illinois,2005
25.0,SEA,Johan Petro,,2005
26.0,DET,Jason Maxiell,Cincinnati,2005
27.0,POR,Linas Kleiza,Missouri,2005
28.0,SAS,Ian Mahinmi,,2005
29.0,MIA,Wayne Simien,Kansas,2005
30.0,NYK,David Lee,Florida,2005
31.0,ATL,Salim Stoudamire,Arizona,2005
32.0,LAC,Daniel Ewing,Duke,2005
33.0,NOH,Brandon Bass,LSU,2005
34.0,UTA,C.J. Miles,,2005
35.0,POR,Ricky Sánchez,,2005
36.0,MIL,Ersan İlyasova,,2005
37.0,LAL,Ronny Turiaf,Gonzaga,2005
38.0,ORL,Travis Diener,Marquette,2005
39.0,LAL,Von Wafer,Florida State,2005
40.0,GSW,Monta Ellis,,2005
41.0,TOR,Roko Ukić,,2005
42.0,GSW,Chris Taft,Pitt,2005
43.0,NJN,Mile Ilić,,2005
44.0,ORL,Martynas Andriuškevičius,,2005
45.0,PHI,Lou Williams,,2005
46.0,IND,Erazem Lorbek,,2005
47.0,MIN,Bracey Wright,Indiana,2005
48.0,SEA,Mickaël Gelabale,,2005
49.0,WAS,Andray Blatche,,2005
50.0,BOS,Ryan Gomes,Providence,2005
51.0,UTA,Robert Whaley,Walsh University,2005
52.0,DEN,Axel Hervelle,,2005
53.0,BOS,Orien Greene,Louisiana,2005
54.0,NYK,Dijon Thompson,UCLA,2005
55.0,SEA,Lawrence Roberts,Mississippi State,2005
56.0,DET,Amir Johnson,,2005
57.0,PHO,Marcin Gortat,,2005
58.0,TOR,Uroš Slokar,,2005
59.0,ATL,Cenk Akyol,,2005
60.0,DET,Alex Acker,Pepperdine,2005
1.0,TOR,Andrea Bargnani,,2006
2.0,CHI,LaMarcus Aldridge,Texas,2006
3.0,CHA,Adam Morrison,Gonzaga,2006
4.0,POR,Tyrus Thomas,LSU,2006
5.0,ATL,Shelden Williams,Duke,2006
6.0,MIN,Brandon Roy,Washington,2006
7.0,BOS,Randy Foye,Villanova,2006
8.0,HOU,Rudy Gay,UConn,2006
9.0,GSW,Patrick O'Bryant,Bradley,2006
10.0,SEA,Mouhamed Sene,,2006
11.0,ORL,JJ Redick,Duke,2006
12.0,NOK,Hilton Armstrong,UConn,2006
13.0,PHI,Thabo Sefolosha,,2006
14.0,UTA,Ronnie Brewer,Arkansas,2006
15.0,NOK,Cedric Simmons,NC State,2006
16.0,CHI,Rodney Carney,Memphis,2006
17.0,IND,Shawne Williams,Memphis,2006
18.0,WAS,Oleksiy Pecherov,,2006
19.0,SAC,Quincy Douby,Rutgers University,2006
20.0,NYK,Renaldo Balkman,South Carolina,2006
21.0,PHO,Rajon Rondo,Kentucky,2006
22.0,NJN,Marcus Williams,UConn,2006
23.0,NJN,Josh Boone,UConn,2006
24.0,MEM,Kyle Lowry,Villanova,2006
25.0,CLE,Shannon Brown,Michigan State,2006
26.0,LAL,Jordan Farmar,UCLA,2006
27.0,PHO,Sergio Rodríguez,,2006
28.0,DAL,Maurice Ager,Michigan State,2006
29.0,NYK,Mardy Collins,Temple,2006
30.0,POR,Joel Freeland,,2006
31.0,POR,James White,Cincinnati,2006
32.0,HOU,Steve Novak,Marquette,2006
33.0,ATL,Solomon Jones,South Florida,2006
34.0,LAC,Paul Davis,Michigan State,2006
35.0,TOR,P.J. Tucker,Texas,2006
36.0,MIN,Craig Smith,Boston College,2006
37.0,MIN,Bobby Jones,Washington,2006
38.0,GSW,Kosta Perović,,2006
39.0,MIL,David Noel,UNC,2006
40.0,SEA,Denham Brown,UConn,2006
41.0,ORL,James Augustine,Illinois,2006
42.0,CLE,Daniel Gibson,Texas,2006
43.0,NOK,Marcus Vinicius,,2006
44.0,ORL,Lior Eliyahu,,2006
45.0,IND,Alexander Johnson,Florida State,2006
46.0,UTA,Dee Brown,Illinois,2006
47.0,UTA,Paul Millsap,Louisiana Tech,2006
48.0,WAS,Vladimir Veremeenko,,2006
49.0,DEN,Leon Powe,California,2006
50.0,CHA,Ryan Hollins,UCLA,2006
51.0,LAL,Cheikh Samb,,2006
52.0,LAC,Guillermo Díaz,Miami (FL),2006
53.0,SEA,Yotam Halperin,,2006
54.0,NJN,Hassan Adams,Arizona,2006
55.0,CLE,Ejike Ugboaja,,2006
56.0,TOR,Edin Bavčić,,2006
57.0,MIN,Loukas Mavrokefalidis,,2006
58.0,DAL,J.R. Pinnock,George Washington,2006
59.0,SAS,Damir Markota,,2006
60.0,DET,Will Blalock,Iowa State,2006
1.0,POR,Greg Oden,Ohio State,2007
2.0,SEA,Kevin Durant,Texas,2007
3.0,ATL,Al Horford,Florida,2007
4.0,MEM,Mike Conley,Ohio State,2007
5.0,BOS,Jeff Green,Georgetown,2007
6.0,MIL,Yi Jianlian,,2007
7.0,MIN,Corey Brewer,Florida,2007
8.0,CHA,Brandan Wright,UNC,2007
9.0,CHI,Joakim Noah,Florida,2007
10.0,SAC,Spencer Hawes,Washington,2007
11.0,ATL,Acie Law,Texas A&M,2007
12.0,PHI,Thaddeus Young,Georgia Tech,2007
13.0,NOK,Julian Wright,Kansas,2007
14.0,LAC,Al Thornton,Florida State,2007
15.0,DET,Rodney Stuckey,Eastern Washington,2007
16.0,WAS,Nick Young,USC,2007
17.0,NJN,Sean Williams,Boston College,2007
18.0,GSW,Marco Belinelli,,2007
19.0,LAL,Javaris Crittenton,Georgia Tech,2007
20.0,MIA,Jason Smith,Colorado State,2007
21.0,PHI,Daequan Cook,Ohio State,2007
22.0,CHA,Jared Dudley,Boston College,2007
23.0,NYK,Wilson Chandler,DePaul,2007
24.0,PHO,Rudy Fernández,,2007
25.0,UTA,Morris Almond,Rice University,2007
26.0,HOU,Aaron Brooks,Oregon,2007
27.0,DET,Arron Afflalo,UCLA,2007
28.0,SAS,Tiago Splitter,,2007
29.0,PHO,Alando Tucker,Wisconsin,2007
30.0,PHI,Petteri Koponen,,2007
31.0,SEA,Carl Landry,Purdue,2007
32.0,BOS,Gabe Pruitt,USC,2007
33.0,SAS,Marcus Williams,Arizona,2007
34.0,DAL,Nick Fazekas,Nevada,2007
35.0,SEA,Glen Davis,LSU,2007
36.0,GSW,Jermareo Davidson,Alabama,2007
37.0,POR,Josh McRoberts,Duke,2007
38.0,PHI,Kyrylo Fesenko,,2007
39.0,MIA,Stanko Barać,,2007
40.0,LAL,Sun Yue,,2007
41.0,MIN,Chris Richard,Florida,2007
42.0,POR,Derrick Byars,Vanderbilt,2007
43.0,NOK,Adam Haluska,Iowa,2007
44.0,ORL,Reyshawn Terry,UNC,2007
45.0,LAC,Jared Jordan,Marist College,2007
46.0,GSW,Stéphane Lasme,UMass,2007
47.0,WAS,Dominic McGuire,Fresno State,2007
48.0,LAL,Marc Gasol,,2007
49.0,CHI,Aaron Gray,Pitt,2007
50.0,DAL,Renaldas Seibutis,,2007
51.0,CHI,JamesOn Curry,Oklahoma State,2007
52.0,POR,Taurean Green,Florida,2007
53.0,POR,Demetris Nichols,Syracuse,2007
54.0,HOU,Brad Newley,,2007
55.0,UTA,Herbert Hill,Providence,2007
56.0,MIL,Ramon Sessions,Nevada,2007
57.0,DET,Sammy Mejia,DePaul,2007
58.0,SAS,Georgios Printezis,,2007
59.0,PHO,D.J. Strawberry,Maryland,2007
60.0,DAL,Milovan Raković,,2007
1.0,CHI,Derrick Rose,Memphis,2008
2.0,MIA,Michael Beasley,Kansas State,2008
3.0,MIN,O.J. Mayo,USC,2008
4.0,SEA,Russell Westbrook,UCLA,2008
5.0,MEM,Kevin Love,UCLA,2008
6.0,NYK,Danilo Gallinari,,2008
7.0,LAC,Eric Gordon,Indiana,2008
8.0,MIL,Joe Alexander,West Virginia,2008
9.0,CHA,D.J. Augustin,Texas,2008
10.0,NJN,Brook Lopez,Stanford,2008
11.0,IND,Jerryd Bayless,Arizona,2008
12.0,SAC,Jason Thompson,Rider University,2008
13.0,POR,Brandon Rush,Kansas,2008
14.0,GSW,Anthony Randolph,LSU,2008
15.0,PHO,Robin Lopez,Stanford,2008
16.0,PHI,Marreese Speights,Florida,2008
17.0,TOR,Roy Hibbert,Georgetown,2008
18.0,WAS,JaVale McGee,Nevada,2008
19.0,CLE,J.J. Hickson,NC State,2008
20.0,CHA,Alexis Ajinça,,2008
21.0,NJN,Ryan Anderson,California,2008
22.0,ORL,Courtney Lee,Western Kentucky,2008
23.0,UTA,Kosta Koufos,Ohio State,2008
24.0,SEA,Serge Ibaka,,2008
25.0,HOU,Nicolas Batum,,2008
26.0,SAS,George Hill,IUPUI,2008
27.0,NOH,Darrell Arthur,Kansas,2008
28.0,MEM,Donté Greene,Syracuse,2008
29.0,DET,D.J. White,Indiana,2008
30.0,BOS,J.R. Giddens,New Mexico,2008
31.0,MIN,Nikola Peković,,2008
32.0,SEA,Walter Sharpe,UAB,2008
33.0,POR,Joey Dorsey,Memphis,2008
34.0,MIN,Mario Chalmers,Kansas,2008
35.0,LAC,DeAndre Jordan,Texas A&M,2008
36.0,POR,Ömer Aşık,,2008
37.0,MIL,Luc Mbah a Moute,UCLA,2008
38.0,CHA,Kyle Weaver,Washington State,2008
39.0,CHI,Sonny Weems,Arkansas,2008
40.0,NJN,Chris Douglas-Roberts,Memphis,2008
41.0,IND,Nathan Jawai,,2008
42.0,SAC,Sean Singletary,Virginia,2008
43.0,SAC,Patrick Ewing,Georgetown,2008
44.0,UTA,Ante Tomić,,2008
45.0,SAS,Goran Dragić,,2008
46.0,SEA,Trent Plaisted,BYU,2008
47.0,WAS,Henry Walker,Kansas State,2008
48.0,PHO,Malik Hairston,Oregon,2008
49.0,GSW,Richard Hendrix,Alabama,2008
50.0,SEA,DeVon Hardin,California,2008
51.0,DAL,Shan Foster,Vanderbilt,2008
52.0,MIA,Darnell Jackson,Kansas,2008
53.0,UTA,Tadija Dragićević,,2008
54.0,HOU,Maarty Leunen,Oregon,2008
55.0,POR,Mike Taylor,Iowa State,2008
56.0,SEA,Sasha Kaun,Kansas,2008
57.0,SAS,James Gist,Maryland,2008
58.0,LAL,Joe Crawford,Kentucky,2008
59.0,DET,Deron Washington,Virginia Tech,2008
60.0,BOS,Semih Erden,,2008
1.0,LAC,Blake Griffin,Oklahoma,2009
2.0,MEM,Hasheem Thabeet,UConn,2009
3.0,OKC,James Harden,Arizona State,2009
4.0,SAC,Tyreke Evans,Memphis,2009
5.0,MIN,Ricky Rubio,,2009
6.0,MIN,Jonny Flynn,Syracuse,2009
7.0,GSW,Stephen Curry,Davidson,2009
8.0,NYK,Jordan Hill,Arizona,2009
9.0,TOR,DeMar DeRozan,USC,2009
10.0,MIL,Brandon Jennings,,2009
11.0,NJN,Terrence Williams,Louisville,2009
12.0,CHA,Gerald Henderson,Duke,2009
13.0,IND,Tyler Hansbrough,UNC,2009
14.0,PHO,Earl Clark,Louisville,2009
15.0,DET,Austin Daye,Gonzaga,2009
16.0,CHI,James Johnson,Wake Forest,2009
17.0,PHI,Jrue Holiday,UCLA,2009
18.0,MIN,Ty Lawson,UNC,2009
19.0,ATL,Jeff Teague,Wake Forest,2009
20.0,UTA,Eric Maynor,VCU,2009
21.0,NOH,Darren Collison,UCLA,2009
22.0,POR,Victor Claver,,2009
23.0,SAC,Omri Casspi,,2009
24.0,DAL,Byron Mullens,Ohio State,2009
25.0,OKC,Rodrigue Beaubois,,2009
26.0,CHI,Taj Gibson,USC,2009
27.0,MEM,DeMarre Carroll,Missouri,2009
28.0,MIN,Wayne Ellington,UNC,2009
29.0,LAL,Toney Douglas,Florida State,2009
30.0,CLE,Christian Eyenga,,2009
31.0,SAC,Jeff Ayres,Arizona State,2009
32.0,WAS,Jermaine Taylor,Central Florida,2009
33.0,POR,Dante Cunningham,Villanova,2009
34.0,DEN,Sergio Llull,,2009
35.0,DET,DaJuan Summers,Georgetown,2009
36.0,MEM,Sam Young,Pitt,2009
37.0,SAS,DeJuan Blair,Pitt,2009
38.0,POR,Jon Brockman,Washington,2009
39.0,DET,Jonas Jerebko,,2009
40.0,CHA,Derrick Brown,Xavier,2009
41.0,MIL,Jodie Meeks,Kentucky,2009
42.0,LAL,Patrick Beverley,Arkansas,2009
43.0,MIA,Marcus Thornton,LSU,2009
44.0,DET,Chase Budinger,Arizona,2009
45.0,MIN,Nick Calathes,Florida,2009
46.0,CLE,Danny Green,UNC,2009
47.0,MIN,Henk Norel,,2009
48.0,PHO,Taylor Griffin,Oklahoma,2009
49.0,ATL,Sergiy Gladyr,,2009
50.0,UTA,Goran Suton,Michigan State,2009
51.0,SAS,Jack McClinton,Miami (FL),2009
52.0,IND,A.J. Price,UConn,2009
53.0,SAS,Nando De Colo,,2009
54.0,CHA,Robert Vaden,UAB,2009
55.0,POR,Patty Mills,Saint Mary's,2009
56.0,DAL,Ahmad Nivins,Saint Joseph's,2009
57.0,PHO,Emir Preldžić,,2009
58.0,BOS,Lester Hudson,University of Tennessee at Martin,2009
59.0,LAL,Chinemelu Elonu,Texas A&M,2009
60.0,MIA,Robert Dozier,Memphis,2009
1.0,WAS,John Wall,Kentucky,2010
2.0,PHI,Evan Turner,Ohio State,2010
3.0,NJN,Derrick Favors,Georgia Tech,2010
4.0,MIN,Wesley Johnson,Syracuse,2010
5.0,SAC,DeMarcus Cousins,Kentucky,2010
6.0,GSW,Ekpe Udoh,Baylor,2010
7.0,DET,Greg Monroe,Georgetown,2010
8.0,LAC,Al-Farouq Aminu,Wake Forest,2010
9.0,UTA,Gordon Hayward,Butler,2010
10.0,IND,Paul George,Fresno State,2010
11.0,NOH,Cole Aldrich,Kansas,2010
12.0,MEM,Xavier Henry,Kansas,2010
13.0,TOR,Ed Davis,UNC,2010
14.0,HOU,Patrick Patterson,Kentucky,2010
15.0,MIL,Larry Sanders,VCU,2010
16.0,MIN,Luke Babbitt,Nevada,2010
17.0,CHI,Kevin Séraphin,,2010
18.0,OKC,Eric Bledsoe,Kentucky,2010
19.0,BOS,Avery Bradley,Texas,2010
20.0,SAS,James Anderson,Oklahoma State,2010
21.0,OKC,Craig Brackins,Iowa State,2010
22.0,POR,Elliot Williams,Memphis,2010
23.0,MIN,Trevor Booker,Clemson,2010
24.0,ATL,Damion James,Texas,2010
25.0,MEM,Dominique Jones,South Florida,2010
26.0,OKC,Quincy Pondexter,Washington,2010
27.0,NJN,Jordan Crawford,Xavier,2010
28.0,MEM,Greivis Vásquez,Maryland,2010
29.0,ORL,Daniel Orton,Kentucky,2010
30.0,WAS,Lazar Hayward,Marquette,2010
31.0,NJN,Tibor Pleiß,,2010
32.0,MIA,Dexter Pittman,Texas,2010
33.0,SAC,Hassan Whiteside,Marshall,2010
34.0,POR,Armon Johnson,Nevada,2010
35.0,WAS,Nemanja Bjelica,,2010
36.0,DET,Terrico White,Ole Miss,2010
37.0,MIL,Darington Hobson,New Mexico,2010
38.0,NYK,Andy Rautins,Syracuse,2010
39.0,NYK,Landry Fields,Stanford,2010
40.0,IND,Lance Stephenson,Cincinnati,2010
41.0,MIA,Jarvis Varnado,Mississippi State,2010
42.0,MIA,Da'Sean Butler,West Virginia,2010
43.0,LAL,Devin Ebanks,West Virginia,2010
44.0,MIL,Jerome Jordan,Tulsa,2010
45.0,MIN,Paulão Prestes,,2010
46.0,PHO,Gani Lawal,Georgia Tech,2010
47.0,MIL,Tiny Gallon,Oklahoma,2010
48.0,MIA,Latavious Williams,,2010
49.0,SAS,Ryan Richards,,2010
50.0,DAL,Solomon Alabi,Florida State,2010
51.0,OKC,Magnum Rolle,Louisiana Tech,2010
52.0,BOS,Luke Harangody,Notre Dame,2010
53.0,ATL,Pape Sy,,2010
54.0,LAC,Willie Warren,Oklahoma,2010
55.0,UTA,Jeremy Evans,Western Kentucky,2010
56.0,MIN,Hamady N'Diaye,Rutgers University,2010
57.0,IND,Ryan Reid,Florida State,2010
58.0,LAL,Derrick Caracter,Texas-El Paso,2010
59.0,ORL,Stanley Robinson,UConn,2010
60.0,PHO,Dwayne Collins,Miami (FL),2010
1.0,CLE,Kyrie Irving,Duke,2011
2.0,MIN,Derrick Williams,Arizona,2011
3.0,UTA,Enes Freedom,,2011
4.0,CLE,Tristan Thompson,Texas,2011
5.0,TOR,Jonas Valančiūnas,,2011
6.0,WAS,Jan Veselý,,2011
7.0,SAC,Bismack Biyombo,,2011
8.0,DET,Brandon Knight,Kentucky,2011
9.0,CHA,Kemba Walker,UConn,2011
10.0,MIL,Jimmer Fredette,BYU,2011
11.0,GSW,Klay Thompson,Washington State,2011
12.0,UTA,Alec Burks,Colorado,2011
13.0,PHO,Markieff Morris,Kansas,2011
14.0,HOU,Marcus Morris,Kansas,2011
15.0,IND,Kawhi Leonard,San Diego State,2011
16.0,PHI,Nikola Vučević,USC,2011
17.0,NYK,Iman Shumpert,Georgia Tech,2011
18.0,WAS,Chris Singleton,Florida State,2011
19.0,CHA,Tobias Harris,Tennessee,2011
20.0,MIN,Donatas Motiejūnas,,2011
21.0,POR,Nolan Smith,Duke,2011
22.0,DEN,Kenneth Faried,Morehead State University,2011
23.0,HOU,Nikola Mirotić,,2011
24.0,OKC,Reggie Jackson,Boston College,2011
25.0,BOS,MarShon Brooks,Providence,2011
26.0,DAL,Jordan Hamilton,Texas,2011
27.0,NJN,JaJuan Johnson,Purdue,2011
28.0,CHI,Norris Cole,Cleveland State University,2011
29.0,SAS,Cory Joseph,Texas,2011
30.0,CHI,Jimmy Butler,Marquette,2011
31.0,MIA,Bojan Bogdanović,,2011
32.0,CLE,Justin Harper,Richmond,2011
33.0,DET,Kyle Singler,Duke,2011
34.0,WAS,Shelvin Mack,Butler,2011
35.0,SAC,Tyler Honeycutt,UCLA,2011
36.0,NJN,Jordan Williams,Maryland,2011
37.0,LAC,Trey Thompkins,Georgia,2011
38.0,HOU,Chandler Parsons,Florida,2011
39.0,CHA,Jeremy Tyler,,2011
40.0,MIL,Jon Leuer,Wisconsin,2011
41.0,LAL,Darius Morris,Michigan,2011
42.0,IND,Dāvis Bertāns,,2011
43.0,CHI,Malcolm Lee,UCLA,2011
44.0,GSW,Charles Jenkins,Hofstra,2011
45.0,NOH,Josh Harrellson,Kentucky,2011
46.0,LAL,Andrew Goudelock,College of Charleston,2011
47.0,LAC,Travis Leslie,Georgia,2011
48.0,ATL,Keith Benson,Oakland,2011
49.0,MEM,Josh Selby,Kansas,2011
50.0,PHI,Lavoy Allen,Temple,2011
51.0,POR,Jon Diebler,Ohio State,2011
52.0,DET,Vernon Macklin,Florida,2011
53.0,ORL,DeAndre Liggins,Kentucky,2011
54.0,CLE,Milan Mačvan,,2011
55.0,BOS,E'Twaun Moore,Purdue,2011
56.0,LAL,Chukwudiebere Maduabum,,2011
57.0,DAL,Tanguy Ngombo,,2011
58.0,LAL,Ater Majok,,2011
59.0,SAS,Ádám Hanga,,2011
60.0,SAC,Isaiah Thomas,Washington,2011
1.0,NOH,Anthony Davis,Kentucky,2012
2.0,CHA,Michael Kidd-Gilchrist,Kentucky,2012
3.0,WAS,Bradley Beal,Florida,2012
4.0,CLE,Dion Waiters,Syracuse,2012
5.0,SAC,Thomas Robinson,Kansas,2012
6.0,POR,Damian Lillard,Weber State,2012
7.0,GSW,Harrison Barnes,UNC,2012
8.0,TOR,Terrence Ross,Washington,2012
9.0,DET,Andre Drummond,UConn,2012
10.0,NOH,Austin Rivers,Duke,2012
11.0,POR,Meyers Leonard,Illinois,2012
12.0,HOU,Jeremy Lamb,UConn,2012
13.0,PHO,Kendall Marshall,UNC,2012
14.0,MIL,John Henson,UNC,2012
15.0,PHI,Maurice Harkless,St. John's,2012
16.0,HOU,Royce White,Iowa State,2012
17.0,DAL,Tyler Zeller,UNC,2012
18.0,HOU,Terrence Jones,Kentucky,2012
19.0,ORL,Andrew Nicholson,St. Bonaventure,2012
20.0,DEN,Evan Fournier,,2012
21.0,BOS,Jared Sullinger,Ohio State,2012
22.0,BOS,Fab Melo,Syracuse,2012
23.0,ATL,John Jenkins,Vanderbilt,2012
24.0,CLE,Jared Cunningham,Oregon State,2012
25.0,MEM,Tony Wroten,Washington,2012
26.0,IND,Miles Plumlee,Duke,2012
27.0,MIA,Arnett Moultrie,Mississippi State,2012
28.0,OKC,Perry Jones,Baylor,2012
29.0,CHI,Marquis Teague,Kentucky,2012
30.0,GSW,Festus Ezeli,Vanderbilt,2012
31.0,CHA,Jeff Taylor,Vanderbilt,2012
32.0,WAS,Tomáš Satoranský,,2012
33.0,CLE,Bernard James,Florida State,2012
34.0,CLE,Jae Crowder,Marquette,2012
35.0,GSW,Draymond Green,Michigan State,2012
36.0,SAC,Orlando Johnson,UC Santa Barbara,2012
37.0,TOR,Quincy Acy,Baylor,2012
38.0,DEN,Quincy Miller,Baylor,2012
39.0,DET,Khris Middleton,Texas A&M,2012
40.0,POR,Will Barton,Memphis,2012
41.0,POR,Tyshawn Taylor,Kansas,2012
42.0,MIL,Doron Lamb,Kentucky,2012
43.0,ATL,Mike Scott,Virginia,2012
44.0,DET,Kim English,Missouri,2012
45.0,PHI,Justin Hamilton,LSU,2012
46.0,NOH,Darius Miller,Kentucky,2012
47.0,UTA,Kevin Murphy,Tennessee Technological University,2012
48.0,NYK,Kostas Papanikolaou,,2012
49.0,ORL,Kyle O'Quinn,Norfolk State,2012
50.0,DEN,İzzet Türkyılmaz,,2012
51.0,BOS,Kris Joseph,Syracuse,2012
52.0,GSW,Ognjen Kuzmić,,2012
53.0,LAC,Furkan Aldemir,,2012
54.0,PHI,Tornike Shengelia,,2012
55.0,DAL,Darius Johnson-Odom,Marquette,2012
56.0,TOR,Tomislav Zubčić,,2012
57.0,NJN,İlkan Karaman,,2012
58.0,MIN,Robbie Hummel,Purdue,2012
59.0,SAS,Marcus Denmon,Missouri,2012
60.0,LAL,Robert Sacre,Gonzaga,2012
1.0,CLE,Anthony Bennett,UNLV,2013
2.0,ORL,Victor Oladipo,Indiana,2013
3.0,WAS,Otto Porter Jr.,Georgetown,2013
4.0,CHA,Cody Zeller,Indiana,2013
5.0,PHO,Alex Len,Maryland,2013
6.0,NOH,Nerlens Noel,Kentucky,2013
7.0,SAC,Ben McLemore,Kansas,2013
8.0,DET,Kentavious Caldwell-Pope,Georgia,2013
9.0,MIN,Trey Burke,Michigan,2013
10.0,POR,CJ McCollum,Lehigh,2013
11.0,PHI,Michael Carter-Williams,Syracuse,2013
12.0,OKC,Steven Adams,Pitt,2013
13.0,DAL,Kelly Olynyk,Gonzaga,2013
14.0,UTA,Shabazz Muhammad,UCLA,2013
15.0,MIL,Giannis Antetokounmpo,,2013
16.0,BOS,Lucas Nogueira,,2013
17.0,ATL,Dennis Schröder,,2013
18.0,ATL,Shane Larkin,Miami (FL),2013
19.0,CLE,Sergey Karasev,,2013
20.0,CHI,Tony Snell,New Mexico,2013
21.0,UTA,Gorgui Dieng,Louisville,2013
22.0,BRK,Mason Plumlee,Duke,2013
23.0,IND,Solomon Hill,Arizona,2013
24.0,NYK,Tim Hardaway Jr.,Michigan,2013
25.0,LAC,Reggie Bullock,UNC,2013
26.0,MIN,Andre Roberson,Colorado,2013
27.0,DEN,Rudy Gobert,,2013
28.0,SAS,Livio Jean-Charles,,2013
29.0,OKC,Archie Goodwin,Kentucky,2013
30.0,PHO,Nemanja Nedović,,2013
31.0,CLE,Allen Crabbe,California,2013
32.0,OKC,Álex Abrines,,2013
33.0,CLE,Carrick Felix,Arizona State,2013
34.0,HOU,Isaiah Canaan,Murray State,2013
35.0,PHI,Glen Rice Jr.,Georgia Tech,2013
36.0,SAC,Ray McCallum,Detroit Mercy,2013
37.0,DET,Tony Mitchell,University of North Texas,2013
38.0,WAS,Nate Wolters,South Dakota State,2013
39.0,POR,Jeff Withey,Kansas,2013
40.0,POR,Grant Jerrett,Arizona,2013
41.0,MEM,Jamaal Franklin,San Diego State,2013
42.0,PHI,Pierre Jackson,Baylor,2013
43.0,MIL,Ricky Ledo,Providence,2013
44.0,DAL,Mike Muscala,Bucknell,2013
45.0,POR,Marko Todorović,,2013
46.0,UTA,Erick Green,Virginia Tech,2013
47.0,ATL,Raul Neto,,2013
48.0,LAL,Ryan Kelly,Duke,2013
49.0,CHI,Erik Murphy,Florida,2013
50.0,ATL,James Ennis III,Cal State Long Beach,2013
51.0,ORL,Romero Osby,Oklahoma,2013
52.0,MIN,Lorenzo Brown,NC State,2013
53.0,IND,Colton Iverson,Colorado State,2013
54.0,WAS,Arsalan Kazemi,Oregon,2013
55.0,MEM,Joffrey Lauvergne,,2013
56.0,DET,Peyton Siva,Louisville,2013
57.0,PHO,Alex Oriakhi,Missouri,2013
58.0,SAS,Deshaun Thomas,Ohio State,2013
59.0,MIN,Bojan Dubljević,,2013
60.0,MEM,Jānis Timma,,2013
1.0,CLE,Andrew Wiggins,Kansas,2014
2.0,MIL,Jabari Parker,Duke,2014
3.0,PHI,Joel Embiid,Kansas,2014
4.0,ORL,Aaron Gordon,Arizona,2014
5.0,UTA,Dante Exum,,2014
6.0,BOS,Marcus Smart,Oklahoma State,2014
7.0,LAL,Julius Randle,Kentucky,2014
8.0,SAC,Nik Stauskas,Michigan,2014
9.0,CHO,Noah Vonleh,Indiana,2014
10.0,PHI,Elfrid Payton,Louisiana,2014
11.0,DEN,Doug McDermott,Creighton,2014
12.0,ORL,Dario Šarić,,2014
13.0,MIN,Zach LaVine,UCLA,2014
14.0,PHO,T.J. Warren,NC State,2014
15.0,ATL,Adreian Payne,Michigan State,2014
16.0,CHI,Jusuf Nurkić,,2014
17.0,BOS,James Young,Kentucky,2014
18.0,PHO,Tyler Ennis,Syracuse,2014
19.0,CHI,Gary Harris,Michigan State,2014
20.0,TOR,Bruno Caboclo,,2014
21.0,OKC,Mitch McGary,Michigan,2014
22.0,MEM,Jordan Adams,UCLA,2014
23.0,UTA,Rodney Hood,Duke,2014
24.0,CHO,Shabazz Napier,UConn,2014
25.0,HOU,Clint Capela,,2014
26.0,MIA,P.J. Hairston,UNC,2014
27.0,PHO,Bogdan Bogdanović,,2014
28.0,LAC,C.J. Wilcox,Washington,2014
29.0,OKC,Josh Huestis,Stanford,2014
30.0,SAS,Kyle Anderson,UCLA,2014
31.0,MIL,Damien Inglis,,2014
32.0,PHI,K.J. McDaniels,Clemson,2014
33.0,CLE,Joe Harris,Virginia,2014
34.0,NYK,Cleanthony Early,Wichita State,2014
35.0,UTA,Jarnell Stokes,Tennessee,2014
36.0,MIL,Johnny O'Bryant,LSU,2014
37.0,TOR,DeAndre Daniels,UConn,2014
38.0,DET,Spencer Dinwiddie,Colorado,2014
39.0,PHI,Jerami Grant,Syracuse,2014
40.0,MIN,Glenn Robinson III,Michigan,2014
41.0,DEN,Nikola Jokić,,2014
42.0,HOU,Nick Johnson,Arizona,2014
43.0,ATL,Edy Tavares,,2014
44.0,MIN,Markel Brown,Oklahoma State,2014
45.0,CHO,Dwight Powell,Stanford,2014
46.0,WAS,Jordan Clarkson,Missouri,2014
47.0,PHI,Russ Smith,Louisville,2014
48.0,MIL,Lamar Patterson,Pitt,2014
49.0,CHI,Cameron Bairstow,New Mexico,2014
50.0,PHO,Alec Brown,Green Bay,2014
51.0,NYK,Thanasis Antetokounmpo,,2014
52.0,PHI,Vasilije Micić,,2014
53.0,MIN,Alessandro Gentile,,2014
54.0,PHI,Nemanja Dangubić,,2014
55.0,MIA,Semaj Christon,Xavier,2014
56.0,DEN,Devyn Marble,Iowa,2014
57.0,IND,Louis Labeyrie,,2014
58.0,SAS,Jordan McRae,Tennessee,2014
59.0,TOR,Xavier Thames,San Diego State,2014
60.0,SAS,Cory Jefferson,Baylor,2014
1.0,MIN,Karl-Anthony Towns,Kentucky,2015
2.0,LAL,D'Angelo Russell,Ohio State,2015
3.0,PHI,Jahlil Okafor,Duke,2015
4.0,NYK,Kristaps Porziņģis,,2015
5.0,ORL,Mario Hezonja,,2015
6.0,SAC,Willie Cauley-Stein,Kentucky,2015
7.0,DEN,Emmanuel Mudiay,,2015
8.0,DET,Stanley Johnson,Arizona,2015
9.0,CHO,Frank Kaminsky,Wisconsin,2015
10.0,MIA,Justise Winslow,Duke,2015
11.0,IND,Myles Turner,Texas,2015
12.0,UTA,Trey Lyles,Kentucky,2015
13.0,PHO,Devin Booker,Kentucky,2015
14.0,OKC,Cameron Payne,Murray State,2015
15.0,ATL,Kelly Oubre Jr.,Kansas,2015
16.0,BOS,Terry Rozier,Louisville,2015
17.0,MIL,Rashad Vaughn,UNLV,2015
18.0,HOU,Sam Dekker,Wisconsin,2015
19.0,WAS,Jerian Grant,Notre Dame,2015
20.0,TOR,Delon Wright,Utah,2015
21.0,DAL,Justin Anderson,Virginia,2015
22.0,CHI,Bobby Portis,Arkansas,2015
23.0,POR,Rondae Hollis-Jefferson,Arizona,2015
24.0,CLE,Tyus Jones,Duke,2015
25.0,MEM,Jarell Martin,LSU,2015
26.0,SAS,Nikola Milutinov,,2015
27.0,LAL,Larry Nance Jr.,Wyoming,2015
28.0,BOS,R.J. Hunter,Georgia State University,2015
29.0,BRK,Chris McCullough,Syracuse,2015
30.0,GSW,Kevon Looney,UCLA,2015
31.0,MIN,Cedi Osman,,2015
32.0,HOU,Montrezl Harrell,Louisville,2015
33.0,BOS,Jordan Mickey,LSU,2015
34.0,LAL,Anthony Brown,Stanford,2015
35.0,PHI,Willy Hernangómez,,2015
36.0,MIN,Rakeem Christmas,Syracuse,2015
37.0,PHI,Richaun Holmes,Bowling Green,2015
38.0,DET,Darrun Hilliard,Villanova,2015
39.0,CHO,Juan Pablo Vaulet,,2015
40.0,MIA,Josh Richardson,Tennessee,2015
41.0,BRK,Pat Connaughton,Notre Dame,2015
42.0,UTA,Olivier Hanlan,Boston College,2015
43.0,IND,Joe Young,Oregon,2015
44.0,PHO,Andrew Harrison,Kentucky,2015
45.0,BOS,Marcus Thornton,William & Mary,2015
46.0,MIL,Norman Powell,UCLA,2015
47.0,PHI,Artūras Gudaitis,,2015
48.0,OKC,Dakari Johnson,Kentucky,2015
49.0,WAS,Aaron White,Iowa,2015
50.0,ATL,Marcus Eriksson,,2015
51.0,ORL,Tyler Harvey,Eastern Washington,2015
52.0,DAL,Satnam Singh,,2015
53.0,CLE,Sir'Dominic Pointer,St. John's,2015
54.0,UTA,Dani Díez,,2015
55.0,SAS,Cady Lalanne,UMass,2015
56.0,NOP,Branden Dawson,Michigan State,2015
57.0,DEN,Nikola Radičević,,2015
58.0,PHI,J.P. Tokoto,UNC,2015
59.0,ATL,Dimitrios Agravanis,,2015
60.0,PHI,Luka Mitrović,,2015
1.0,PHI,Ben Simmons,LSU,2016
2.0,LAL,Brandon Ingram,Duke,2016
3.0,BOS,Jaylen Brown,California,2016
4.0,PHO,Dragan Bender,,2016
5.0,MIN,Kris Dunn,Providence,2016
6.0,NOP,Buddy Hield,Oklahoma,2016
7.0,DEN,Jamal Murray,Kentucky,2016
8.0,SAC,Marquese Chriss,Washington,2016
9.0,TOR,Jakob Poeltl,Utah,2016
10.0,MIL,Thon Maker,,2016
11.0,ORL,Domantas Sabonis,Gonzaga,2016
12.0,UTA,Taurean Prince,Baylor,2016
13.0,PHO,Georgios Papagiannis,,2016
14.0,CHI,Denzel Valentine,Michigan State,2016
15.0,DEN,Juancho Hernangómez,,2016
16.0,BOS,Guerschon Yabusele,,2016
17.0,MEM,Wade Baldwin,Vanderbilt,2016
18.0,DET,Henry Ellenson,Marquette,2016
19.0,DEN,Malik Beasley,Florida State,2016
20.0,IND,Caris LeVert,Michigan,2016
21.0,ATL,DeAndre' Bembry,Saint Joseph's,2016
22.0,CHO,Malachi Richardson,Syracuse,2016
23.0,BOS,Ante Žižić,,2016
24.0,PHI,Timothé Luwawu-Cabarrot,,2016
25.0,LAC,Brice Johnson,UNC,2016
26.0,PHI,Furkan Korkmaz,,2016
27.0,TOR,Pascal Siakam,New Mexico State,2016
28.0,PHO,Skal Labissière,Kentucky,2016
29.0,SAS,Dejounte Murray,Washington,2016
30.0,GSW,Damian Jones,Vanderbilt,2016
31.0,BOS,Deyonta Davis,Michigan State,2016
32.0,LAL,Ivica Zubac,,2016
33.0,LAC,Cheick Diallo,Kansas,2016
34.0,PHO,Tyler Ulis,Kentucky,2016
35.0,BOS,Rade Zagorac,,2016
36.0,MIL,Malcolm Brogdon,Virginia,2016
37.0,HOU,Chinanu Onuaku,Louisville,2016
38.0,MIL,Patrick McCaw,UNLV,2016
39.0,NOP,David Michineau,,2016
40.0,NOP,Diamond Stone,Maryland,2016
41.0,ORL,Stephen Zimmerman,UNLV,2016
42.0,UTA,Isaiah Whitehead,Seton Hall,2016
43.0,HOU,Zhou Qi,,2016
44.0,ATL,Isaïa Cordinier,,2016
45.0,BOS,Demetrius Jackson,Notre Dame,2016
46.0,DAL,A.J. Hammons,Purdue,2016
47.0,ORL,Jake Layman,Maryland,2016
48.0,CHI,Paul Zipser,,2016
49.0,DET,Michael Gbinije,Syracuse,2016
50.0,IND,Georges Niang,Iowa State,2016
51.0,BOS,Ben Bentil,Providence,2016
52.0,UTA,Joel Bolomboy,Weber State,2016
53.0,DEN,Petr Cornelie,,2016
54.0,ATL,Kay Felder,Oakland,2016
55.0,BRK,Marcus Paige,UNC,2016
56.0,DEN,Daniel Hamilton,UConn,2016
57.0,MEM,Wang Zhelin,,2016
58.0,BOS,Abdel Nader,Iowa State,2016
59.0,SAC,Isaiah Cousins,Oklahoma,2016
60.0,UTA,Tyrone Wallace,California,2016
1.0,PHI,Markelle Fultz,Washington,2017
2.0,LAL,Lonzo Ball,UCLA,2017
3.0,BOS,Jayson Tatum,Duke,2017
4.0,PHO,Josh Jackson,Kansas,2017
5.0,SAC,De'Aaron Fox,Kentucky,2017
6.0,ORL,Jonathan Isaac,Florida State,2017
7.0,MIN,Lauri Markkanen,Arizona,2017
8.0,NYK,Frank Ntilikina,,2017
9.0,DAL,Dennis Smith Jr.,NC State,2017
10.0,SAC,Zach Collins,Gonzaga,2017
11.0,CHO,Malik Monk,Kentucky,2017
12.0,DET,Luke Kennard,Duke,2017
13.0,DEN,Donovan Mitchell,Louisville,2017
14.0,MIA,Bam Adebayo,Kentucky,2017
15.0,POR,Justin Jackson,UNC,2017
16.0,CHI,Justin Patton,Creighton,2017
17.0,MIL,D.J. Wilson,Michigan,2017
18.0,IND,T.J. Leaf,UCLA,2017
19.0,ATL,John Collins,Wake Forest,2017
20.0,POR,Harry Giles,Duke,2017
21.0,OKC,Terrance Ferguson,,2017
22.0,BRK,Jarrett Allen,Texas,2017
23.0,TOR,OG Anunoby,Indiana,2017
24.0,UTA,Tyler Lydon,Syracuse,2017
25.0,ORL,Anžejs Pasečņiks,,2017
26.0,POR,Caleb Swanigan,Purdue,2017
27.0,BRK,Kyle Kuzma,Utah,2017
28.0,LAL,Tony Bradley,UNC,2017
29.0,SAS,Derrick White,Colorado,2017
30.0,UTA,Josh Hart,Villanova,2017
31.0,CHO,Frank Jackson,Duke,2017
32.0,PHO,Davon Reed,Miami (FL),2017
33.0,ORL,Wes Iwundu,Kansas State,2017
34.0,SAC,Frank Mason III,Kansas,2017
35.0,ORL,Ivan Rabb,California,2017
36.0,PHI,Jonah Bolden,,2017
37.0,BOS,Semi Ojeleye,SMU,2017
38.0,CHI,Jordan Bell,Oregon,2017
39.0,PHI,Jawun Evans,Oklahoma State,2017
40.0,NOP,Dwayne Bacon,Florida State,2017
41.0,ATL,Tyler Dorsey,Oregon,2017
42.0,UTA,Thomas Bryant,Indiana,2017
43.0,HOU,Isaiah Hartenstein,,2017
44.0,NYK,Damyean Dotson,Oregon,2017
45.0,HOU,Dillon Brooks,Oregon,2017
46.0,PHI,Sterling Brown,SMU,2017
47.0,IND,Ike Anigbogu,UCLA,2017
48.0,MIL,Sindarius Thornwell,South Carolina,2017
49.0,DEN,Vlatko Čančar,,2017
50.0,PHI,Mathias Lessort,,2017
51.0,DEN,Monte Morris,Iowa State,2017
52.0,NOP,Edmond Sumner,Xavier,2017
53.0,BOS,Kadeem Allen,Arizona,2017
54.0,PHO,Alec Peters,Valparaiso,2017
55.0,UTA,Nigel Williams-Goss,Gonzaga,2017
56.0,BOS,Jabari Bird,California,2017
57.0,BRK,Sasha Vezenkov,,2017
58.0,NYK,Ognjen Jaramaz,,2017
59.0,SAS,Jaron Blossomgame,Clemson,2017
60.0,ATL,Alpha Kaba,,2017
1.0,PHO,Deandre Ayton,Arizona,2018
2.0,SAC,Marvin Bagley III,Duke,2018
3.0,ATL,Luka Dončić,,2018
4.0,MEM,Jaren Jackson Jr.,Michigan State,2018
5.0,DAL,Trae Young,Oklahoma,2018
6.0,ORL,Mo Bamba,Texas,2018
7.0,CHI,Wendell Carter Jr.,Duke,2018
8.0,CLE,Collin Sexton,Alabama,2018
9.0,NYK,Kevin Knox,Kentucky,2018
10.0,PHI,Mikal Bridges,Villanova,2018
11.0,CHO,Shai Gilgeous-Alexander,Kentucky,2018
12.0,LAC,Miles Bridges,Michigan State,2018
13.0,LAC,Jerome Robinson,Boston College,2018
14.0,DEN,Michael Porter Jr.,Missouri,2018
15.0,WAS,Troy Brown Jr.,Oregon,2018
16.0,PHO,Zhaire Smith,Texas Tech,2018
17.0,MIL,Donte DiVincenzo,Villanova,2018
18.0,SAS,Lonnie Walker IV,Miami (FL),2018
19.0,ATL,Kevin Huerter,Maryland,2018
20.0,MIN,Josh Okogie,Georgia Tech,2018
21.0,UTA,Grayson Allen,Duke,2018
22.0,CHI,Chandler Hutchison,Boise State,2018
23.0,IND,Aaron Holiday,UCLA,2018
24.0,POR,Anfernee Simons,,2018
25.0,LAL,Moritz Wagner,Michigan,2018
26.0,PHI,Landry Shamet,Wichita State,2018
27.0,BOS,Robert Williams,Texas A&M,2018
28.0,GSW,Jacob Evans,Cincinnati,2018
29.0,BRK,Džanan Musa,,2018
30.0,ATL,Omari Spellman,Villanova,2018
31.0,PHO,Elie Okobo,,2018
32.0,MEM,Jevon Carter,West Virginia,2018
33.0,DAL,Jalen Brunson,Villanova,2018
34.0,ATL,Devonte' Graham,Kansas,2018
35.0,ORL,Melvin Frazier,Tulane,2018
36.0,NYK,Mitchell Robinson,,2018
37.0,SAC,Gary Trent Jr.,Duke,2018
38.0,PHI,Khyri Thomas,Creighton,2018
39.0,PHI,Isaac Bonga,,2018
40.0,BRK,Rodions Kurucs,,2018
41.0,ORL,Jarred Vanderbilt,Kentucky,2018
42.0,DET,Bruce Brown,Miami (FL),2018
43.0,DEN,Justin Jackson,Maryland,2018
44.0,WAS,Issuf Sanon,,2018
45.0,BRK,Hamidou Diallo,Kentucky,2018
46.0,HOU,De'Anthony Melton,USC,2018
47.0,LAL,Svi Mykhailiuk,Kansas,2018
48.0,MIN,Keita Bates-Diop,Ohio State,2018
49.0,SAS,Chimezie Metu,USC,2018
50.0,IND,Alize Johnson,Missouri State,2018
51.0,NOP,Tony Carr,Penn State,2018
52.0,UTA,Vince Edwards,Purdue,2018
53.0,OKC,Devon Hall,Virginia,2018
54.0,DAL,Shake Milton,SMU,2018
55.0,CHO,Arnoldas Kulboka,,2018
56.0,PHI,Ray Spalding,Louisville,2018
57.0,OKC,Kevin Hervey,UT Arlington,2018
58.0,DEN,Thomas Welsh,UCLA,2018
59.0,PHO,George King,Colorado,2018
60.0,PHI,Kostas Antetokounmpo,Dayton,2018
1.0,NOP,Zion Williamson,Duke,2019
2.0,MEM,Ja Morant,Murray State,2019
3.0,NYK,RJ Barrett,Duke,2019
4.0,LAL,De'Andre Hunter,Virginia,2019
5.0,CLE,Darius Garland,Vanderbilt,2019
6.0,PHO,Jarrett Culver,Texas Tech,2019
7.0,CHI,Coby White,UNC,2019
8.0,ATL,Jaxson Hayes,Texas,2019
9.0,WAS,Rui Hachimura,Gonzaga,2019
10.0,ATL,Cam Reddish,Duke,2019
11.0,MIN,Cameron Johnson,UNC,2019
12.0,CHO,P.J. Washington,Kentucky,2019
13.0,MIA,Tyler Herro,Kentucky,2019
14.0,BOS,Romeo Langford,Indiana,2019
15.0,DET,Sekou Doumbouya,,2019
16.0,ORL,Chuma Okeke,Auburn,2019
17.0,BRK,Nickeil Alexander-Walker,Virginia Tech,2019
18.0,IND,Goga Bitadze,,2019
19.0,SAS,Luka Šamanić,,2019
20.0,BOS,Matisse Thybulle,Washington,2019
21.0,OKC,Brandon Clarke,Gonzaga,2019
22.0,BOS,Grant Williams,Tennessee,2019
23.0,UTA,Darius Bazley,,2019
24.0,PHI,Ty Jerome,Virginia,2019
25.0,POR,Nassir Little,UNC,2019
26.0,CLE,Dylan Windler,Belmont,2019
27.0,BRK,Mfiondu Kabengele,Florida State,2019
28.0,GSW,Jordan Poole,Michigan,2019
29.0,SAS,Keldon Johnson,Kentucky,2019
30.0,MIL,Kevin Porter Jr.,USC,2019
31.0,BRK,Nic Claxton,Georgia,2019
32.0,PHO,KZ Okpala,Stanford,2019
33.0,PHI,Carsen Edwards,Purdue,2019
34.0,PHI,Bruno Fernando,Maryland,2019
35.0,ATL,Didi Louzada,,2019
36.0,CHO,Cody Martin,Nevada,2019
37.0,DAL,Deividas Sirvydis,,2019
38.0,CHI,Daniel Gafford,Arkansas,2019
39.0,NOP,Alen Smailagić,,2019
40.0,SAC,Justin James,Wyoming,2019
41.0,GSW,Eric Paschall,Villanova,2019
42.0,PHI,Admiral Schofield,Tennessee,2019
43.0,MIN,Jaylen Nowell,Washington,2019
44.0,MIA,Bol Bol,Oregon,2019
45.0,DET,Isaiah Roby,Nebraska,2019
46.0,ORL,Talen Horton-Tucker,Iowa State,2019
47.0,SAC,Ignas Brazdeikis,Michigan,2019
48.0,LAC,Terance Mann,Florida State,2019
49.0,SAS,Quinndary Weatherspoon,Mississippi State,2019
50.0,IND,Jarrell Brantley,College of Charleston,2019
51.0,BOS,Tremont Waters,LSU,2019
52.0,CHO,Jalen McDaniels,San Diego State,2019
53.0,UTA,Justin Wright-Foreman,Hofstra,2019
54.0,PHI,Marial Shayok,Iowa State,2019
55.0,NYK,Kyle Guy,Virginia,2019
56.0,LAC,Jaylen Hands,UCLA,2019
57.0,NOP,Jordan Bone,Tennessee,2019
58.0,GSW,Miye Oni,Yale,2019
59.0,TOR,Dewan Hernandez,Miami (FL),2019
60.0,SAC,Vanja Marinković,,2019
1.0,MIN,Anthony Edwards,Georgia,2020
2.0,GSW,James Wiseman,Memphis,2020
3.0,CHO,LaMelo Ball,,2020
4.0,CHI,Patrick Williams,Florida State,2020
5.0,CLE,Isaac Okoro,Auburn,2020
6.0,ATL,Onyeka Okongwu,USC,2020
7.0,DET,Killian Hayes,,2020
8.0,NYK,Obi Toppin,Dayton,2020
9.0,WAS,Deni Avdija,,2020
10.0,PHO,Jalen Smith,Maryland,2020
11.0,SAS,Devin Vassell,Florida State,2020
12.0,SAC,Tyrese Haliburton,Iowa State,2020
13.0,NOP,Kira Lewis Jr.,Alabama,2020
14.0,BOS,Aaron Nesmith,Vanderbilt,2020
15.0,ORL,Cole Anthony,UNC,2020
16.0,POR,Isaiah Stewart,Washington,2020
17.0,MIN,Aleksej Pokusevski,,2020
18.0,DAL,Josh Green,Arizona,2020
19.0,BRK,Saddiq Bey,Villanova,2020
20.0,MIA,Precious Achiuwa,Memphis,2020
21.0,PHI,Tyrese Maxey,Kentucky,2020
22.0,DEN,Zeke Nnaji,Arizona,2020
23.0,NYK,Leandro Bolmaro,,2020
24.0,MIL,R.J. Hampton,,2020
25.0,OKC,Immanuel Quickley,Kentucky,2020
26.0,BOS,Payton Pritchard,Oregon,2020
27.0,UTA,Udoka Azubuike,Kansas,2020
28.0,LAL,Jaden McDaniels,Washington,2020
29.0,TOR,Malachi Flynn,San Diego State,2020
30.0,BOS,Desmond Bane,TCU,2020
31.0,DAL,Tyrell Terry,Stanford,2020
32.0,CHO,Vernon Carey Jr.,Duke,2020
33.0,MIN,Daniel Oturu,Minnesota,2020
34.0,PHI,Théo Maledon,,2020
35.0,SAC,Xavier Tillman Sr.,Michigan State,2020
36.0,PHI,Tyler Bey,Colorado,2020
37.0,WAS,Vit Krejci,,2020
38.0,UTA,Saben Lee,Vanderbilt,2020
39.0,NOP,Elijah Hughes,Syracuse,2020
40.0,MEM,Robert Woodard II,Mississippi State,2020
41.0,SAS,Tre Jones,Duke,2020
42.0,NOP,Nick Richards,Kentucky,2020
43.0,SAC,Jahmi'us Ramsey,Texas Tech,2020
44.0,CHI,Marko Simonovic,,2020
45.0,MIL,Jordan Nwora,Louisville,2020
46.0,POR,CJ Elleby,Washington State,2020
47.0,BOS,Yam Madar,,2020
48.0,GSW,Nico Mannion,Arizona,2020
49.0,PHI,Isaiah Joe,Arkansas,2020
50.0,ATL,Skylar Mays,LSU,2020
51.0,GSW,Justinian Jessup,Boise State,2020
52.0,SAC,KJ Martin,,2020
53.0,OKC,Cassius Winston,Michigan State,2020
54.0,IND,Cassius Stanley,Duke,2020
55.0,BRK,Jay Scrubb,John A. Logan College,2020
56.0,CHO,Grant Riller,College of Charleston,2020
57.0,LAC,Reggie Perry,Mississippi State,2020
58.0,PHI,Paul Reed,DePaul,2020
59.0,TOR,Jalen Harris,Nevada,2020
60.0,NOP,Sam Merrill,Utah State University,2020
1.0,DET,Cade Cunningham,Oklahoma State,2021
2.0,HOU,Jalen Green,,2021
3.0,CLE,Evan Mobley,USC,2021
4.0,TOR,Scottie Barnes,Florida State,2021
5.0,ORL,Jalen Suggs,Gonzaga,2021
6.0,OKC,Josh Giddey,,2021
7.0,GSW,Jonathan Kuminga,,2021
8.0,ORL,Franz Wagner,Michigan,2021
9.0,SAC,Davion Mitchell,Baylor,2021
10.0,NOP,Ziaire Williams,Stanford,2021
11.0,CHO,James Bouknight,UConn,2021
12.0,SAS,Joshua Primo,Alabama,2021
13.0,IND,Chris Duarte,Oregon,2021
14.0,GSW,Moses Moody,Arkansas,2021
15.0,WAS,Corey Kispert,Gonzaga,2021
16.0,OKC,Alperen Şengün,,2021
17.0,MEM,Trey Murphy III,Virginia,2021
18.0,OKC,Tre Mann,Florida,2021
19.0,NYK,Kai Jones,Texas,2021
20.0,ATL,Jalen Johnson,Duke,2021
21.0,NYK,Keon Johnson,Tennessee,2021
22.0,LAL,Isaiah Jackson,Kentucky,2021
23.0,HOU,Usman Garuba,,2021
24.0,HOU,Josh Christopher,Arizona State,2021
25.0,LAC,Quentin Grimes,Houston,2021
26.0,DEN,Bones Hyland,VCU,2021
27.0,BRK,Cam Thomas,LSU,2021
28.0,PHI,Jaden Springer,Tennessee,2021
29.0,PHO,Day'Ron Sharpe,UNC,2021
30.0,UTA,Santi Aldama,Loyola (MD),2021
31.0,MIL,Isaiah Todd,,2021
32.0,NYK,Jeremiah Robinson-Earl,Villanova,2021
33.0,ORL,Jason Preston,Ohio University,2021
34.0,OKC,Rokas Jokubaitis,,2021
35.0,NOP,Herbert Jones,Alabama,2021
36.0,OKC,Miles McBride,West Virginia,2021
37.0,DET,JT Thor,Auburn,2021
38.0,CHI,Ayo Dosunmu,Illinois,2021
39.0,SAC,Neemias Queta,Utah State University,2021
40.0,NOP,Jared Butler,Baylor,2021
41.0,SAS,Joe Wieskamp,Iowa,2021
42.0,DET,Isaiah Livers,Michigan,2021
43.0,NOP,Greg Brown III,Texas,2021
44.0,BRK,Kessler Edwards,Pepperdine,2021
45.0,BOS,Juhann Begarin,,2021
46.0,TOR,Dalano Banton,Nebraska,2021
47.0,TOR,David Johnson,Louisville,2021
48.0,ATL,Sharife Cooper,Auburn,2021
49.0,BRK,Marcus Zegarowski,Creighton,2021
50.0,PHI,Filip Petrušev,Gonzaga,2021
51.0,MEM,Brandon Boston Jr.,Kentucky,2021
52.0,DET,Luka Garza,Iowa,2021
53.0,PHI,Charles Bassey,Western Kentucky,2021
54.0,IND,Sandro Mamukelashvili,Seton Hall,2021
55.0,OKC,Aaron Wiggins,Maryland,2021
56.0,CHO,Scottie Lewis,Florida,2021
57.0,CHO,Balša Koprivica,Florida State,2021
58.0,NYK,Jericho Sims,Texas,2021
59.0,BRK,RaiQuan Gray,Florida State,2021
60.0,IND,Georgios Kalaitzakis,,2021
1.0,ORL,Paolo Banchero,Duke,2022
2.0,OKC,Chet Holmgren,Gonzaga,2022
3.0,HOU,Jabari Smith Jr.,Auburn,2022
4.0,SAC,Keegan Murray,Iowa,2022
5.0,DET,Jaden Ivey,Purdue,2022
6.0,IND,Bennedict Mathurin,Arizona,2022
7.0,POR,Shaedon Sharpe,Kentucky,2022
8.0,NOP,Dyson Daniels,,2022
9.0,SAS,Jeremy Sochan,Baylor,2022
10.0,WAS,Johnny Davis,Wisconsin,2022
11.0,NYK,Ousmane Dieng,,2022
12.0,OKC,Jalen Williams,Santa Clara,2022
13.0,CHO,Jalen Duren,Memphis,2022
14.0,CLE,Ochai Agbaji,Kansas,2022
15.0,CHO,Mark Williams,Duke,2022
16.0,ATL,AJ Griffin,Duke,2022
17.0,HOU,Tari Eason,LSU,2022
18.0,CHI,Dalen Terry,Arizona,2022
19.0,MIN,Jake LaRavia,Wake Forest,2022
20.0,SAS,Malaki Branham,Ohio State,2022
21.0,DEN,Christian Braun,Kansas,2022
22.0,MEM,Walker Kessler,Auburn,2022
23.0,PHI,David Roddy,Colorado State,2022
24.0,MIL,MarJon Beauchamp,,2022
25.0,SAS,Blake Wesley,Notre Dame,2022
26.0,DAL,Wendell Moore Jr.,Duke,2022
27.0,MIA,Nikola Jović,,2022
28.0,GSW,Patrick Baldwin Jr.,UW-Milwaukee,2022
29.0,MEM,TyTy Washington Jr.,Kentucky,2022
30.0,OKC,Peyton Watson,UCLA,2022
31.0,IND,Andrew Nembhard,Gonzaga,2022
32.0,ORL,Caleb Houstan,Michigan,2022
33.0,TOR,Christian Koloko,Arizona,2022
34.0,OKC,Jaylin Williams,Arkansas,2022
35.0,LAL,Max Christie,Michigan State,2022
36.0,POR,Gabriele Procida,,2022
37.0,SAC,Jaden Hardy,,2022
38.0,SAS,Kennedy Chandler,Tennessee,2022
39.0,CLE,Khalifa Diop,,2022
40.0,MIN,Bryce McGowens,Nebraska,2022
41.0,NOP,E.J. Liddell,Ohio State,2022
42.0,NYK,Trevor Keels,Duke,2022
43.0,LAC,Moussa Diabaté,Michigan,2022
44.0,ATL,Ryan Rollins,Toledo,2022
45.0,CHO,Josh Minott,Memphis,2022
46.0,DET,Ismael Kamagate,,2022
47.0,MEM,Vince Williams Jr.,VCU,2022
48.0,MIN,Kendall Brown,Baylor,2022
49.0,CLE,Isaiah Mobley,USC,2022
50.0,MIN,Matteo Spagnolo,,2022
51.0,GSW,Tyrese Martin,UConn,2022
52.0,NOP,Karlo Matković,,2022
53.0,BOS,JD Davison,Alabama,2022
54.0,WAS,Yannick Nzosa,,2022
55.0,GSW,Gui Santos,,2022
56.0,CLE,Luke Travers,,2022
57.0,POR,Jabari Walker,Colorado,2022
58.0,IND,Hugo Besson,,2022
,,,,2022
,,,,2022
1.0,SAS,Victor Wembanyama,,2023
2.0,CHO,Brandon Miller,Alabama,2023
3.0,POR,Scoot Henderson,,2023
4.0,HOU,Amen Thompson,,2023
5.0,DET,Ausar Thompson,,2023
6.0,ORL,Anthony Black,Arkansas,2023
7.0,IND,Bilal Coulibaly,,2023
8.0,WAS,Jarace Walker,Houston,2023
9.0,UTA,Taylor Hendricks,Central Florida,2023
10.0,DAL,Cason Wallace,Kentucky,2023
11.0,ORL,Jett Howard,Michigan,2023
12.0,OKC,Dereck Lively II,Duke,2023
13.0,TOR,Gradey Dick,Kansas,2023
14.0,NOP,Jordan Hawkins,UConn,2023
15.0,ATL,Kobe Bufkin,Michigan,2023
16.0,UTA,Keyonte George,Baylor,2023
17.0,LAL,Jalen Hood-Schifino,Indiana,2023
18.0,MIA,Jaime Jaquez Jr.,UCLA,2023
19.0,GSW,Brandin Podziemski,Santa Clara,2023
20.0,HOU,Cam Whitmore,Villanova,2023
21.0,BRK,Noah Clowney,Alabama,2023
22.0,BRK,Dariq Whitehead,Duke,2023
23.0,POR,Kris Murray,Iowa,2023
24.0,SAC,Olivier-Maxence Prosper,Marquette,2023
25.0,MEM,Marcus Sasser,Houston,2023
26.0,IND,Ben Sheppard,Belmont,2023
27.0,CHO,Nick Smith Jr.,Arkansas,2023
28.0,UTA,Brice Sensabaugh,Ohio State,2023
29.0,IND,Julian Strawther,Gonzaga,2023
30.0,LAC,Kobe Brown,Missouri,2023
31.0,DET,James Nnaji,,2023
32.0,IND,Jalen Pickett,Penn State,2023
33.0,SAS,Leonard Miller,,2023
34.0,CHO,Colby Jones,Xavier,2023
35.0,BOS,Julian Phillips,Tennessee,2023
36.0,ORL,Andre Jackson Jr.,UConn,2023
37.0,OKC,Hunter Tyson,Clemson,2023
38.0,SAC,Jordan Walsh,Arkansas,2023
39.0,CHO,Mouhamed Gueye,Washington State,2023
40.0,DEN,Maxwell Lewis,Pepperdine,2023
41.0,CHO,Amari Bailey,UCLA,2023
42.0,WAS,Tristan Vukcevic,,2023
43.0,POR,Rayan Rupert,,2023
44.0,SAS,Sidy Cissoko,,2023
45.0,MEM,GG Jackson II,South Carolina,2023
46.0,ATL,Seth Lundy,Penn State,2023
47.0,LAL,Mojave King,,2023
48.0,LAC,Jordan Miller,Miami (FL),2023
49.0,CLE,Emoni Bates,Eastern Michigan,2023
50.0,OKC,Keyontae Johnson,Kansas State,2023
51.0,BRK,Jalen Wilson,Kansas,2023
52.0,PHO,Toumani Camara,Dayton,2023
53.0,MIN,Jaylen Clark,UCLA,2023
54.0,SAC,Jalen Slawson,Furman University,2023
55.0,IND,Isaiah Wong,Miami (FL),2023
56.0,MEM,Tarik Biberovic,,2023
57.0,WAS,Trayce Jackson-Davis,Indiana,2023
58.0,MIL,Chris Livingston,Kentucky,2023
,,,,2023
,,,,2023
1.0,ATL,Zaccharie Risacher,,2024
2.0,WAS,Alex Sarr,,2024
3.0,HOU,Reed Sheppard,Kentucky,2024
4.0,SAS,Stephon Castle,UConn,2024
5.0,DET,Ron Holland,,2024
6.0,CHO,Tidjane Salaün,,2024
7.0,POR,Donovan Clingan,UConn,2024
8.0,SAS,Rob Dillingham,Kentucky,2024
9.0,MEM,Zach Edey,Purdue,2024
10.0,UTA,Cody Williams,Colorado,2024
11.0,CHI,Matas Buzelis,,2024
12.0,OKC,Nikola Topić,,2024
13.0,SAC,Devin Carter,Providence,2024
14.0,POR,Bub Carrington,Pitt,2024
15.0,MIA,Kel'el Ware,Indiana,2024
16.0,PHI,Jared McCain,Duke,2024
17.0,LAL,Dalton Knecht,Tennessee,2024
18.0,ORL,Tristan Da Silva,Colorado,2024
19.0,TOR,Ja'Kobe Walter,Baylor,2024
20.0,CLE,Jaylon Tyson,California,2024
21.0,NOP,Yves Missi,Baylor,2024
22.0,PHO,DaRon Holmes,Dayton,2024
23.0,MIL,AJ Johnson,,2024
24.0,NYK,Kyshawn George,Miami (FL),2024
25.0,NYK,Pacome Dadiet,,2024
26.0,WAS,Dillon Jones,Weber State,2024
27.0,MIN,Terrence Shannon Jr.,Illinois,2024
28.0,DEN,Ryan Dunn,Virginia,2024
29.0,UTA,Isaiah Collier,USC,2024
30.0,BOS,Baylor Scheierman,Creighton,2024
31.0,TOR,Jonathan Mogbo,San Francisco,2024
32.0,UTA,Kyle Filipowski,Duke,2024
33.0,MIL,Tyler Smith,,2024
34.0,POR,Tyler Kolek,Marquette,2024
35.0,SAS,Johnny Furphy,Kansas,2024
36.0,IND,Juan Nunez,,2024
37.0,MIN,Bobi Klintman,,2024
38.0,NYK,Ajay Mitchell,UC Santa Barbara,2024
39.0,MEM,Jaylen Wells,Washington State,2024
40.0,POR,Oso Ighodaro,Marquette,2024
41.0,PHI,Adem Bona,UCLA,2024
42.0,CHO,KJ Simpson,Colorado,2024
43.0,MIA,Nikola Djurisic,,2024
44.0,HOU,Pelle Larsson,Arizona,2024
45.0,SAC,Jamal Shead,Houston,2024
46.0,LAC,Cam Christie,Minnesota,2024
47.0,ORL,Antonio Reeves,Kentucky,2024
48.0,SAS,Harrison Ingram,UNC,2024
49.0,IND,Tristen Newton,UConn,2024
50.0,IND,Enrique Freeman,University of Akron,2024
51.0,NYK,Melvin Ajinça,,2024
52.0,GSW,Quinten Post,Boston College,2024
53.0,DET,Cam Spencer,UConn,2024
54.0,BOS,Anton Watson,Gonzaga,2024
55.0,LAL,Bronny James,USC,2024
56.0,PHO,Kevin McCullar Jr.,Kansas,2024
57.0,MEM,Ulrich Chomche,,2024
58.0,DAL,Ariel Hukporti,,2024
59.0,PHI,,,2024
60.0,PHO,,,2024
1.0,DAL,Cooper Flagg,Duke,2025
2.0,SAS,Dylan Harper,Rutgers University,2025
3.0,PHI,VJ Edgecombe,Baylor,2025
4.0,CHO,Kon Knueppel,Duke,2025
5.0,UTA,Ace Bailey,Rutgers University,2025
6.0,WAS,Tre Johnson,Texas,2025
7.0,NOP,Jeremiah Fears,Oklahoma,2025
8.0,BRK,Egor Dёmin,BYU,2025
9.0,TOR,Collin Murray-Boyles,South Carolina,2025
10.0,HOU,Khaman Maluach,Duke,2025
11.0,POR,Cedric Coward,Washington State,2025
12.0,CHI,Noa Essengue,,2025
13.0,ATL,Derik Queen,Maryland,2025
14.0,SAS,Carter Bryant,Arizona,2025
15.0,OKC,Thomas Sorber,Georgetown,2025
16.0,MEM,Yang Hansen,,2025
17.0,MIN,Joan Beringer,,2025
18.0,WAS,Walter Clayton,Florida,2025
19.0,BRK,Nolan Traoré,,2025
20.0,MIA,Kasparas Jakucionis,Illinois,2025
21.0,UTA,Will Riley,Illinois,2025
22.0,ATL,Drake Powell,UNC,2025
23.0,IND,Asa Newell,Georgia,2025
24.0,OKC,Nique Clifford,Colorado State,2025
25.0,ORL,Jase Richardson,Michigan State,2025
26.0,BRK,Ben Saraf,,2025
27.0,BRK,Danny Wolf,Michigan,2025
28.0,BOS,Hugo González,,2025
29.0,PHO,Liam McNeeley,UConn,2025
30.0,LAC,Yanic Konan Niederhauser,Penn State,2025
31.0,MIN,Rasheer Fleming,Saint Joseph's,2025
32.0,BOS,Noah Penda,,2025
33.0,CHO,Sion James,Duke,2025
34.0,CHO,Ryan Kalkbrenner,Creighton,2025
35.0,PHI,Johni Broome,Auburn,2025
36.0,BRK,Adou Thiero,Arkansas,2025
37.0,DET,Chaz Lanier,Tennessee,2025
38.0,SAS,Kam Jones,Marquette,2025
39.0,TOR,Alijah Martin,Florida,2025
40.0,WAS,Micah Peavy,Georgetown,2025
41.0,GSW,Koby Brea,Kentucky,2025
42.0,SAC,Maxime Raynaud,Stanford,2025
43.0,UTA,Jamir Watkins,Florida State,2025
44.0,OKC,Brooks Barnhizer,Northwestern,2025
45.0,CHI,Rocco Zikarsky,,2025
46.0,ORL,Amari Williams,Kentucky,2025
47.0,MIL,Bogoljub Markovic,,2025
48.0,MEM,Javon Small,West Virginia,2025
49.0,CLE,Tyrese Proctor,Duke,2025
50.0,NYK,Kobe Sanders,Nevada,2025
51.0,LAC,Mohamed Diawara,,2025
52.0,PHO,Alex Toohey,,2025
53.0,UTA,John Tonje,Wisconsin,2025
54.0,IND,Taelon Peter,Liberty,2025
55.0,LAL,Lachlan Olbrich,,2025
56.0,MEM,Will Richard,Florida,2025
57.0,ORL,Max Shulga,VCU,2025
58.0,CLE,Saliou Niang,,2025
59.0,HOU,Jahmai Mashack,Tennessee,2025
60.0,NYK,,,2025
